[    3945ms] [INFO] %cDownload the React DevTools for a better development experience: https://react.dev/link/react-devtools font-weight:bold @ webpack-internal:///(app-pages-browser)/./node_modules/next/dist/compiled/react-dom/cjs/react-dom-client.development.js:25630
[    6025ms] [LOG] [Fast Refresh] done in 1777133258618ms @ webpack-internal:///(app-pages-browser)/./node_modules/next/dist/client/dev/report-hmr-latency.js:13
[    6497ms] [LOG] [Fast Refresh] rebuilding @ webpack-internal:///(app-pages-browser)/./node_modules/next/dist/client/dev/hot-reloader/app/hot-reloader-app.js:196
[    6974ms] [LOG] [Fast Refresh] rebuilding @ webpack-internal:///(app-pages-browser)/./node_modules/next/dist/client/dev/hot-reloader/app/hot-reloader-app.js:196
[    7056ms] [LOG] [Fast Refresh] done in 83ms @ webpack-internal:///(app-pages-browser)/./node_modules/next/dist/client/dev/report-hmr-latency.js:13
[    7822ms] [LOG] [Fast Refresh] rebuilding @ webpack-internal:///(app-pages-browser)/./node_modules/next/dist/client/dev/hot-reloader/app/hot-reloader-app.js:196
[    7893ms] [LOG] [Fast Refresh] done in 72ms @ webpack-internal:///(app-pages-browser)/./node_modules/next/dist/client/dev/report-hmr-latency.js:13
[    8141ms] [LOG] [Fast Refresh] rebuilding @ webpack-internal:///(app-pages-browser)/./node_modules/next/dist/client/dev/hot-reloader/app/hot-reloader-app.js:196
[    8234ms] [LOG] [Fast Refresh] done in 92ms @ webpack-internal:///(app-pages-browser)/./node_modules/next/dist/client/dev/report-hmr-latency.js:13
[    8799ms] [LOG] [Fast Refresh] rebuilding @ webpack-internal:///(app-pages-browser)/./node_modules/next/dist/client/dev/hot-reloader/app/hot-reloader-app.js:196
[    8943ms] [LOG] [Fast Refresh] done in 144ms @ webpack-internal:///(app-pages-browser)/./node_modules/next/dist/client/dev/report-hmr-latency.js:13
[   10400ms] [LOG] [Fast Refresh] rebuilding @ webpack-internal:///(app-pages-browser)/./node_modules/next/dist/client/dev/hot-reloader/app/hot-reloader-app.js:196
[   10537ms] [LOG] [Fast Refresh] done in 137ms @ webpack-internal:///(app-pages-browser)/./node_modules/next/dist/client/dev/report-hmr-latency.js:13
[   11467ms] [LOG] [Fast Refresh] rebuilding @ webpack-internal:///(app-pages-browser)/./node_modules/next/dist/client/dev/hot-reloader/app/hot-reloader-app.js:196
[   11568ms] [LOG] [Fast Refresh] done in 100ms @ webpack-internal:///(app-pages-browser)/./node_modules/next/dist/client/dev/report-hmr-latency.js:13
[   11901ms] [LOG] [Fast Refresh] rebuilding @ webpack-internal:///(app-pages-browser)/./node_modules/next/dist/client/dev/hot-reloader/app/hot-reloader-app.js:196
[   11997ms] [LOG] [Fast Refresh] done in 96ms @ webpack-internal:///(app-pages-browser)/./node_modules/next/dist/client/dev/report-hmr-latency.js:13
[   12266ms] [LOG] [Fast Refresh] rebuilding @ webpack-internal:///(app-pages-browser)/./node_modules/next/dist/client/dev/hot-reloader/app/hot-reloader-app.js:196
[   12327ms] [LOG] [Fast Refresh] done in 62ms @ webpack-internal:///(app-pages-browser)/./node_modules/next/dist/client/dev/report-hmr-latency.js:13
[   12590ms] [LOG] [Fast Refresh] rebuilding @ webpack-internal:///(app-pages-browser)/./node_modules/next/dist/client/dev/hot-reloader/app/hot-reloader-app.js:196
[   12683ms] [LOG] [Fast Refresh] done in 93ms @ webpack-internal:///(app-pages-browser)/./node_modules/next/dist/client/dev/report-hmr-latency.js:13
[   13390ms] [LOG] [Fast Refresh] rebuilding @ webpack-internal:///(app-pages-browser)/./node_modules/next/dist/client/dev/hot-reloader/app/hot-reloader-app.js:196
[   13628ms] [LOG] [Fast Refresh] done in 238ms @ webpack-internal:///(app-pages-browser)/./node_modules/next/dist/client/dev/report-hmr-latency.js:13
[   14587ms] [LOG] [Fast Refresh] rebuilding @ webpack-internal:///(app-pages-browser)/./node_modules/next/dist/client/dev/hot-reloader/app/hot-reloader-app.js:196
[   14699ms] [LOG] [Fast Refresh] done in 112ms @ webpack-internal:///(app-pages-browser)/./node_modules/next/dist/client/dev/report-hmr-latency.js:13
[   15120ms] [LOG] [Fast Refresh] rebuilding @ webpack-internal:///(app-pages-browser)/./node_modules/next/dist/client/dev/hot-reloader/app/hot-reloader-app.js:196
[   15264ms] [LOG] [Fast Refresh] done in 144ms @ webpack-internal:///(app-pages-browser)/./node_modules/next/dist/client/dev/report-hmr-latency.js:13
[   15622ms] [LOG] [Fast Refresh] rebuilding @ webpack-internal:///(app-pages-browser)/./node_modules/next/dist/client/dev/hot-reloader/app/hot-reloader-app.js:196
[   15723ms] [LOG] [Fast Refresh] done in 101ms @ webpack-internal:///(app-pages-browser)/./node_modules/next/dist/client/dev/report-hmr-latency.js:13
[   15980ms] [LOG] [Fast Refresh] rebuilding @ webpack-internal:///(app-pages-browser)/./node_modules/next/dist/client/dev/hot-reloader/app/hot-reloader-app.js:196
[   16068ms] [LOG] [Fast Refresh] done in 88ms @ webpack-internal:///(app-pages-browser)/./node_modules/next/dist/client/dev/report-hmr-latency.js:13
[   16324ms] [LOG] [Fast Refresh] rebuilding @ webpack-internal:///(app-pages-browser)/./node_modules/next/dist/client/dev/hot-reloader/app/hot-reloader-app.js:196
[   16414ms] [LOG] [Fast Refresh] done in 90ms @ webpack-internal:///(app-pages-browser)/./node_modules/next/dist/client/dev/report-hmr-latency.js:13
[   17239ms] [LOG] [Fast Refresh] rebuilding @ webpack-internal:///(app-pages-browser)/./node_modules/next/dist/client/dev/hot-reloader/app/hot-reloader-app.js:196
[   17328ms] [LOG] [Fast Refresh] done in 89ms @ webpack-internal:///(app-pages-browser)/./node_modules/next/dist/client/dev/report-hmr-latency.js:13
[   18046ms] [LOG] [Fast Refresh] rebuilding @ webpack-internal:///(app-pages-browser)/./node_modules/next/dist/client/dev/hot-reloader/app/hot-reloader-app.js:196
[   18133ms] [LOG] [Fast Refresh] done in 87ms @ webpack-internal:///(app-pages-browser)/./node_modules/next/dist/client/dev/report-hmr-latency.js:13
[   18432ms] [LOG] [Fast Refresh] rebuilding @ webpack-internal:///(app-pages-browser)/./node_modules/next/dist/client/dev/hot-reloader/app/hot-reloader-app.js:196
[   18534ms] [LOG] [Fast Refresh] done in 101ms @ webpack-internal:///(app-pages-browser)/./node_modules/next/dist/client/dev/report-hmr-latency.js:13
[   18825ms] [LOG] [Fast Refresh] rebuilding @ webpack-internal:///(app-pages-browser)/./node_modules/next/dist/client/dev/hot-reloader/app/hot-reloader-app.js:196
[   18888ms] [LOG] [Fast Refresh] done in 62ms @ webpack-internal:///(app-pages-browser)/./node_modules/next/dist/client/dev/report-hmr-latency.js:13
[   19155ms] [LOG] [Fast Refresh] rebuilding @ webpack-internal:///(app-pages-browser)/./node_modules/next/dist/client/dev/hot-reloader/app/hot-reloader-app.js:196
[   19217ms] [LOG] [Fast Refresh] done in 61ms @ webpack-internal:///(app-pages-browser)/./node_modules/next/dist/client/dev/report-hmr-latency.js:13
[   19521ms] [LOG] [Fast Refresh] rebuilding @ webpack-internal:///(app-pages-browser)/./node_modules/next/dist/client/dev/hot-reloader/app/hot-reloader-app.js:196
[   20040ms] [LOG] [Fast Refresh] done in 518ms @ webpack-internal:///(app-pages-browser)/./node_modules/next/dist/client/dev/report-hmr-latency.js:13
[   20397ms] [LOG] [Fast Refresh] rebuilding @ webpack-internal:///(app-pages-browser)/./node_modules/next/dist/client/dev/hot-reloader/app/hot-reloader-app.js:196
[   20851ms] [LOG] [Fast Refresh] done in 454ms @ webpack-internal:///(app-pages-browser)/./node_modules/next/dist/client/dev/report-hmr-latency.js:13
[   21208ms] [LOG] [Fast Refresh] rebuilding @ webpack-internal:///(app-pages-browser)/./node_modules/next/dist/client/dev/hot-reloader/app/hot-reloader-app.js:196
[   21290ms] [LOG] [Fast Refresh] done in 81ms @ webpack-internal:///(app-pages-browser)/./node_modules/next/dist/client/dev/report-hmr-latency.js:13
[   21537ms] [LOG] [Fast Refresh] rebuilding @ webpack-internal:///(app-pages-browser)/./node_modules/next/dist/client/dev/hot-reloader/app/hot-reloader-app.js:196
[   21610ms] [LOG] [Fast Refresh] done in 74ms @ webpack-internal:///(app-pages-browser)/./node_modules/next/dist/client/dev/report-hmr-latency.js:13
[   21871ms] [LOG] [Fast Refresh] rebuilding @ webpack-internal:///(app-pages-browser)/./node_modules/next/dist/client/dev/hot-reloader/app/hot-reloader-app.js:196
[   21972ms] [LOG] [Fast Refresh] done in 102ms @ webpack-internal:///(app-pages-browser)/./node_modules/next/dist/client/dev/report-hmr-latency.js:13
[   22218ms] [LOG] [Fast Refresh] rebuilding @ webpack-internal:///(app-pages-browser)/./node_modules/next/dist/client/dev/hot-reloader/app/hot-reloader-app.js:196
[   22308ms] [LOG] [Fast Refresh] done in 90ms @ webpack-internal:///(app-pages-browser)/./node_modules/next/dist/client/dev/report-hmr-latency.js:13
[   23028ms] [LOG] [Fast Refresh] rebuilding @ webpack-internal:///(app-pages-browser)/./node_modules/next/dist/client/dev/hot-reloader/app/hot-reloader-app.js:196
[   23157ms] [LOG] [Fast Refresh] done in 129ms @ webpack-internal:///(app-pages-browser)/./node_modules/next/dist/client/dev/report-hmr-latency.js:13
[   23993ms] [LOG] [Fast Refresh] rebuilding @ webpack-internal:///(app-pages-browser)/./node_modules/next/dist/client/dev/hot-reloader/app/hot-reloader-app.js:196
[   24098ms] [LOG] [Fast Refresh] done in 104ms @ webpack-internal:///(app-pages-browser)/./node_modules/next/dist/client/dev/report-hmr-latency.js:13
[   24414ms] [LOG] [Fast Refresh] rebuilding @ webpack-internal:///(app-pages-browser)/./node_modules/next/dist/client/dev/hot-reloader/app/hot-reloader-app.js:196
[   24481ms] [LOG] [Fast Refresh] done in 68ms @ webpack-internal:///(app-pages-browser)/./node_modules/next/dist/client/dev/report-hmr-latency.js:13
[   24757ms] [LOG] [Fast Refresh] rebuilding @ webpack-internal:///(app-pages-browser)/./node_modules/next/dist/client/dev/hot-reloader/app/hot-reloader-app.js:196
[   24839ms] [LOG] [Fast Refresh] done in 82ms @ webpack-internal:///(app-pages-browser)/./node_modules/next/dist/client/dev/report-hmr-latency.js:13
[   25114ms] [LOG] [Fast Refresh] rebuilding @ webpack-internal:///(app-pages-browser)/./node_modules/next/dist/client/dev/hot-reloader/app/hot-reloader-app.js:196
[   25169ms] [LOG] [Fast Refresh] done in 55ms @ webpack-internal:///(app-pages-browser)/./node_modules/next/dist/client/dev/report-hmr-latency.js:13
[   25476ms] [LOG] [Fast Refresh] rebuilding @ webpack-internal:///(app-pages-browser)/./node_modules/next/dist/client/dev/hot-reloader/app/hot-reloader-app.js:196
[   25983ms] [LOG] [Fast Refresh] done in 506ms @ webpack-internal:///(app-pages-browser)/./node_modules/next/dist/client/dev/report-hmr-latency.js:13
[   26361ms] [LOG] [Fast Refresh] rebuilding @ webpack-internal:///(app-pages-browser)/./node_modules/next/dist/client/dev/hot-reloader/app/hot-reloader-app.js:196
[   26814ms] [LOG] [Fast Refresh] done in 454ms @ webpack-internal:///(app-pages-browser)/./node_modules/next/dist/client/dev/report-hmr-latency.js:13
[   27153ms] [LOG] [Fast Refresh] rebuilding @ webpack-internal:///(app-pages-browser)/./node_modules/next/dist/client/dev/hot-reloader/app/hot-reloader-app.js:196
[   27248ms] [LOG] [Fast Refresh] done in 95ms @ webpack-internal:///(app-pages-browser)/./node_modules/next/dist/client/dev/report-hmr-latency.js:13
[   27597ms] [LOG] [Fast Refresh] rebuilding @ webpack-internal:///(app-pages-browser)/./node_modules/next/dist/client/dev/hot-reloader/app/hot-reloader-app.js:196
[   27662ms] [LOG] [Fast Refresh] done in 64ms @ webpack-internal:///(app-pages-browser)/./node_modules/next/dist/client/dev/report-hmr-latency.js:13
[   27957ms] [LOG] [Fast Refresh] rebuilding @ webpack-internal:///(app-pages-browser)/./node_modules/next/dist/client/dev/hot-reloader/app/hot-reloader-app.js:196
[   28018ms] [LOG] [Fast Refresh] done in 60ms @ webpack-internal:///(app-pages-browser)/./node_modules/next/dist/client/dev/report-hmr-latency.js:13
[   28300ms] [LOG] [Fast Refresh] rebuilding @ webpack-internal:///(app-pages-browser)/./node_modules/next/dist/client/dev/hot-reloader/app/hot-reloader-app.js:196
[   28375ms] [LOG] [Fast Refresh] done in 75ms @ webpack-internal:///(app-pages-browser)/./node_modules/next/dist/client/dev/report-hmr-latency.js:13
[   29143ms] [LOG] [Fast Refresh] rebuilding @ webpack-internal:///(app-pages-browser)/./node_modules/next/dist/client/dev/hot-reloader/app/hot-reloader-app.js:196
[   29262ms] [LOG] [Fast Refresh] done in 120ms @ webpack-internal:///(app-pages-browser)/./node_modules/next/dist/client/dev/report-hmr-latency.js:13
[   29986ms] [LOG] [Fast Refresh] rebuilding @ webpack-internal:///(app-pages-browser)/./node_modules/next/dist/client/dev/hot-reloader/app/hot-reloader-app.js:196
[   30077ms] [LOG] [Fast Refresh] done in 90ms @ webpack-internal:///(app-pages-browser)/./node_modules/next/dist/client/dev/report-hmr-latency.js:13
[   30395ms] [LOG] [Fast Refresh] rebuilding @ webpack-internal:///(app-pages-browser)/./node_modules/next/dist/client/dev/hot-reloader/app/hot-reloader-app.js:196
[   30522ms] [LOG] [Fast Refresh] done in 126ms @ webpack-internal:///(app-pages-browser)/./node_modules/next/dist/client/dev/report-hmr-latency.js:13
[   30806ms] [LOG] [Fast Refresh] rebuilding @ webpack-internal:///(app-pages-browser)/./node_modules/next/dist/client/dev/hot-reloader/app/hot-reloader-app.js:196
[   30899ms] [LOG] [Fast Refresh] done in 93ms @ webpack-internal:///(app-pages-browser)/./node_modules/next/dist/client/dev/report-hmr-latency.js:13
[   31137ms] [LOG] [Fast Refresh] rebuilding @ webpack-internal:///(app-pages-browser)/./node_modules/next/dist/client/dev/hot-reloader/app/hot-reloader-app.js:196
[   31217ms] [LOG] [Fast Refresh] done in 79ms @ webpack-internal:///(app-pages-browser)/./node_modules/next/dist/client/dev/report-hmr-latency.js:13
[   31533ms] [LOG] [Fast Refresh] rebuilding @ webpack-internal:///(app-pages-browser)/./node_modules/next/dist/client/dev/hot-reloader/app/hot-reloader-app.js:196
[   32037ms] [LOG] [Fast Refresh] done in 503ms @ webpack-internal:///(app-pages-browser)/./node_modules/next/dist/client/dev/report-hmr-latency.js:13
[   32796ms] [LOG] [Fast Refresh] rebuilding @ webpack-internal:///(app-pages-browser)/./node_modules/next/dist/client/dev/hot-reloader/app/hot-reloader-app.js:196
[   32897ms] [LOG] [Fast Refresh] done in 101ms @ webpack-internal:///(app-pages-browser)/./node_modules/next/dist/client/dev/report-hmr-latency.js:13
[   33199ms] [LOG] [Fast Refresh] rebuilding @ webpack-internal:///(app-pages-browser)/./node_modules/next/dist/client/dev/hot-reloader/app/hot-reloader-app.js:196
[   33289ms] [LOG] [Fast Refresh] done in 90ms @ webpack-internal:///(app-pages-browser)/./node_modules/next/dist/client/dev/report-hmr-latency.js:13
[   33588ms] [LOG] [Fast Refresh] rebuilding @ webpack-internal:///(app-pages-browser)/./node_modules/next/dist/client/dev/hot-reloader/app/hot-reloader-app.js:196
[   33659ms] [LOG] [Fast Refresh] done in 72ms @ webpack-internal:///(app-pages-browser)/./node_modules/next/dist/client/dev/report-hmr-latency.js:13
[   33920ms] [LOG] [Fast Refresh] rebuilding @ webpack-internal:///(app-pages-browser)/./node_modules/next/dist/client/dev/hot-reloader/app/hot-reloader-app.js:196
[   33979ms] [LOG] [Fast Refresh] done in 59ms @ webpack-internal:///(app-pages-browser)/./node_modules/next/dist/client/dev/report-hmr-latency.js:13
[   34227ms] [LOG] [Fast Refresh] rebuilding @ webpack-internal:///(app-pages-browser)/./node_modules/next/dist/client/dev/hot-reloader/app/hot-reloader-app.js:196
[   34305ms] [LOG] [Fast Refresh] done in 79ms @ webpack-internal:///(app-pages-browser)/./node_modules/next/dist/client/dev/report-hmr-latency.js:13
[   35028ms] [LOG] [Fast Refresh] rebuilding @ webpack-internal:///(app-pages-browser)/./node_modules/next/dist/client/dev/hot-reloader/app/hot-reloader-app.js:196
[   35120ms] [LOG] [Fast Refresh] done in 91ms @ webpack-internal:///(app-pages-browser)/./node_modules/next/dist/client/dev/report-hmr-latency.js:13
[   35865ms] [LOG] [Fast Refresh] rebuilding @ webpack-internal:///(app-pages-browser)/./node_modules/next/dist/client/dev/hot-reloader/app/hot-reloader-app.js:196
[   36002ms] [LOG] [Fast Refresh] done in 137ms @ webpack-internal:///(app-pages-browser)/./node_modules/next/dist/client/dev/report-hmr-latency.js:13
[   36326ms] [LOG] [Fast Refresh] rebuilding @ webpack-internal:///(app-pages-browser)/./node_modules/next/dist/client/dev/hot-reloader/app/hot-reloader-app.js:196
[   36401ms] [LOG] [Fast Refresh] done in 75ms @ webpack-internal:///(app-pages-browser)/./node_modules/next/dist/client/dev/report-hmr-latency.js:13
[   36699ms] [LOG] [Fast Refresh] rebuilding @ webpack-internal:///(app-pages-browser)/./node_modules/next/dist/client/dev/hot-reloader/app/hot-reloader-app.js:196
[   36760ms] [LOG] [Fast Refresh] done in 61ms @ webpack-internal:///(app-pages-browser)/./node_modules/next/dist/client/dev/report-hmr-latency.js:13
[   37027ms] [LOG] [Fast Refresh] rebuilding @ webpack-internal:///(app-pages-browser)/./node_modules/next/dist/client/dev/hot-reloader/app/hot-reloader-app.js:196
[   37087ms] [LOG] [Fast Refresh] done in 60ms @ webpack-internal:///(app-pages-browser)/./node_modules/next/dist/client/dev/report-hmr-latency.js:13
[   37373ms] [LOG] [Fast Refresh] rebuilding @ webpack-internal:///(app-pages-browser)/./node_modules/next/dist/client/dev/hot-reloader/app/hot-reloader-app.js:196
[   37889ms] [LOG] [Fast Refresh] done in 517ms @ webpack-internal:///(app-pages-browser)/./node_modules/next/dist/client/dev/report-hmr-latency.js:13
[   38303ms] [LOG] [Fast Refresh] rebuilding @ webpack-internal:///(app-pages-browser)/./node_modules/next/dist/client/dev/hot-reloader/app/hot-reloader-app.js:196
[   39007ms] [LOG] [Fast Refresh] done in 704ms @ webpack-internal:///(app-pages-browser)/./node_modules/next/dist/client/dev/report-hmr-latency.js:13
[   39182ms] [LOG] [Fast Refresh] rebuilding @ webpack-internal:///(app-pages-browser)/./node_modules/next/dist/client/dev/hot-reloader/app/hot-reloader-app.js:196
[   39290ms] [LOG] [Fast Refresh] done in 109ms @ webpack-internal:///(app-pages-browser)/./node_modules/next/dist/client/dev/report-hmr-latency.js:13
[   39528ms] [LOG] [Fast Refresh] rebuilding @ webpack-internal:///(app-pages-browser)/./node_modules/next/dist/client/dev/hot-reloader/app/hot-reloader-app.js:196
[   39568ms] [LOG] [Fast Refresh] done in 40ms @ webpack-internal:///(app-pages-browser)/./node_modules/next/dist/client/dev/report-hmr-latency.js:13
[   39871ms] [LOG] [Fast Refresh] rebuilding @ webpack-internal:///(app-pages-browser)/./node_modules/next/dist/client/dev/hot-reloader/app/hot-reloader-app.js:196
[   39927ms] [LOG] [Fast Refresh] done in 56ms @ webpack-internal:///(app-pages-browser)/./node_modules/next/dist/client/dev/report-hmr-latency.js:13
[   40188ms] [LOG] [Fast Refresh] rebuilding @ webpack-internal:///(app-pages-browser)/./node_modules/next/dist/client/dev/hot-reloader/app/hot-reloader-app.js:196
[   40265ms] [LOG] [Fast Refresh] done in 77ms @ webpack-internal:///(app-pages-browser)/./node_modules/next/dist/client/dev/report-hmr-latency.js:13
[   41054ms] [LOG] [Fast Refresh] rebuilding @ webpack-internal:///(app-pages-browser)/./node_modules/next/dist/client/dev/hot-reloader/app/hot-reloader-app.js:196
[   41158ms] [LOG] [Fast Refresh] done in 104ms @ webpack-internal:///(app-pages-browser)/./node_modules/next/dist/client/dev/report-hmr-latency.js:13
[   42150ms] [LOG] [Fast Refresh] rebuilding @ webpack-internal:///(app-pages-browser)/./node_modules/next/dist/client/dev/hot-reloader/app/hot-reloader-app.js:196
[   42252ms] [LOG] [Fast Refresh] done in 102ms @ webpack-internal:///(app-pages-browser)/./node_modules/next/dist/client/dev/report-hmr-latency.js:13
[   42548ms] [LOG] [Fast Refresh] rebuilding @ webpack-internal:///(app-pages-browser)/./node_modules/next/dist/client/dev/hot-reloader/app/hot-reloader-app.js:196
[   42633ms] [LOG] [Fast Refresh] done in 84ms @ webpack-internal:///(app-pages-browser)/./node_modules/next/dist/client/dev/report-hmr-latency.js:13
[   42992ms] [LOG] [Fast Refresh] rebuilding @ webpack-internal:///(app-pages-browser)/./node_modules/next/dist/client/dev/hot-reloader/app/hot-reloader-app.js:196
[   43098ms] [LOG] [Fast Refresh] done in 106ms @ webpack-internal:///(app-pages-browser)/./node_modules/next/dist/client/dev/report-hmr-latency.js:13
[   43395ms] [LOG] [Fast Refresh] rebuilding @ webpack-internal:///(app-pages-browser)/./node_modules/next/dist/client/dev/hot-reloader/app/hot-reloader-app.js:196
[   43478ms] [LOG] [Fast Refresh] done in 84ms @ webpack-internal:///(app-pages-browser)/./node_modules/next/dist/client/dev/report-hmr-latency.js:13
[   43796ms] [LOG] [Fast Refresh] rebuilding @ webpack-internal:///(app-pages-browser)/./node_modules/next/dist/client/dev/hot-reloader/app/hot-reloader-app.js:196
[   44343ms] [LOG] [Fast Refresh] done in 547ms @ webpack-internal:///(app-pages-browser)/./node_modules/next/dist/client/dev/report-hmr-latency.js:13
[   45088ms] [LOG] [Fast Refresh] rebuilding @ webpack-internal:///(app-pages-browser)/./node_modules/next/dist/client/dev/hot-reloader/app/hot-reloader-app.js:196
[   45183ms] [LOG] [Fast Refresh] done in 96ms @ webpack-internal:///(app-pages-browser)/./node_modules/next/dist/client/dev/report-hmr-latency.js:13
[   45498ms] [LOG] [Fast Refresh] rebuilding @ webpack-internal:///(app-pages-browser)/./node_modules/next/dist/client/dev/hot-reloader/app/hot-reloader-app.js:196
[   45658ms] [LOG] [Fast Refresh] done in 160ms @ webpack-internal:///(app-pages-browser)/./node_modules/next/dist/client/dev/report-hmr-latency.js:13
[   46241ms] [LOG] [Fast Refresh] rebuilding @ webpack-internal:///(app-pages-browser)/./node_modules/next/dist/client/dev/hot-reloader/app/hot-reloader-app.js:196
[   46302ms] [LOG] [Fast Refresh] done in 61ms @ webpack-internal:///(app-pages-browser)/./node_modules/next/dist/client/dev/report-hmr-latency.js:13
[   46542ms] [LOG] [Fast Refresh] rebuilding @ webpack-internal:///(app-pages-browser)/./node_modules/next/dist/client/dev/hot-reloader/app/hot-reloader-app.js:196
[   46655ms] [LOG] [Fast Refresh] done in 112ms @ webpack-internal:///(app-pages-browser)/./node_modules/next/dist/client/dev/report-hmr-latency.js:13
[   46931ms] [LOG] [Fast Refresh] rebuilding @ webpack-internal:///(app-pages-browser)/./node_modules/next/dist/client/dev/hot-reloader/app/hot-reloader-app.js:196
[   47011ms] [LOG] [Fast Refresh] done in 79ms @ webpack-internal:///(app-pages-browser)/./node_modules/next/dist/client/dev/report-hmr-latency.js:13
[   47789ms] [LOG] [Fast Refresh] rebuilding @ webpack-internal:///(app-pages-browser)/./node_modules/next/dist/client/dev/hot-reloader/app/hot-reloader-app.js:196
[   48253ms] [LOG] [Fast Refresh] done in 464ms @ webpack-internal:///(app-pages-browser)/./node_modules/next/dist/client/dev/report-hmr-latency.js:13
[   48554ms] [LOG] [Fast Refresh] rebuilding @ webpack-internal:///(app-pages-browser)/./node_modules/next/dist/client/dev/hot-reloader/app/hot-reloader-app.js:196
[   48640ms] [LOG] [Fast Refresh] done in 85ms @ webpack-internal:///(app-pages-browser)/./node_modules/next/dist/client/dev/report-hmr-latency.js:13
[   48959ms] [LOG] [Fast Refresh] rebuilding @ webpack-internal:///(app-pages-browser)/./node_modules/next/dist/client/dev/hot-reloader/app/hot-reloader-app.js:196
[   49074ms] [LOG] [Fast Refresh] done in 114ms @ webpack-internal:///(app-pages-browser)/./node_modules/next/dist/client/dev/report-hmr-latency.js:13
[   49483ms] [LOG] [Fast Refresh] rebuilding @ webpack-internal:///(app-pages-browser)/./node_modules/next/dist/client/dev/hot-reloader/app/hot-reloader-app.js:196
[   49554ms] [LOG] [Fast Refresh] done in 72ms @ webpack-internal:///(app-pages-browser)/./node_modules/next/dist/client/dev/report-hmr-latency.js:13
[   49803ms] [LOG] [Fast Refresh] rebuilding @ webpack-internal:///(app-pages-browser)/./node_modules/next/dist/client/dev/hot-reloader/app/hot-reloader-app.js:196
[   49977ms] [LOG] [Fast Refresh] done in 173ms @ webpack-internal:///(app-pages-browser)/./node_modules/next/dist/client/dev/report-hmr-latency.js:13
[   50173ms] [LOG] [Fast Refresh] rebuilding @ webpack-internal:///(app-pages-browser)/./node_modules/next/dist/client/dev/hot-reloader/app/hot-reloader-app.js:196
[   50896ms] [LOG] [Fast Refresh] done in 723ms @ webpack-internal:///(app-pages-browser)/./node_modules/next/dist/client/dev/report-hmr-latency.js:13
[   51638ms] [LOG] [Fast Refresh] rebuilding @ webpack-internal:///(app-pages-browser)/./node_modules/next/dist/client/dev/hot-reloader/app/hot-reloader-app.js:196
[   51720ms] [LOG] [Fast Refresh] done in 83ms @ webpack-internal:///(app-pages-browser)/./node_modules/next/dist/client/dev/report-hmr-latency.js:13
[   52078ms] [LOG] [Fast Refresh] rebuilding @ webpack-internal:///(app-pages-browser)/./node_modules/next/dist/client/dev/hot-reloader/app/hot-reloader-app.js:196
[   52141ms] [LOG] [Fast Refresh] done in 64ms @ webpack-internal:///(app-pages-browser)/./node_modules/next/dist/client/dev/report-hmr-latency.js:13
[   52436ms] [LOG] [Fast Refresh] rebuilding @ webpack-internal:///(app-pages-browser)/./node_modules/next/dist/client/dev/hot-reloader/app/hot-reloader-app.js:196
[   52504ms] [LOG] [Fast Refresh] done in 67ms @ webpack-internal:///(app-pages-browser)/./node_modules/next/dist/client/dev/report-hmr-latency.js:13
[   52760ms] [LOG] [Fast Refresh] rebuilding @ webpack-internal:///(app-pages-browser)/./node_modules/next/dist/client/dev/hot-reloader/app/hot-reloader-app.js:196
[   52826ms] [LOG] [Fast Refresh] done in 65ms @ webpack-internal:///(app-pages-browser)/./node_modules/next/dist/client/dev/report-hmr-latency.js:13
[   53068ms] [LOG] [Fast Refresh] rebuilding @ webpack-internal:///(app-pages-browser)/./node_modules/next/dist/client/dev/hot-reloader/app/hot-reloader-app.js:196
[   53151ms] [LOG] [Fast Refresh] done in 83ms @ webpack-internal:///(app-pages-browser)/./node_modules/next/dist/client/dev/report-hmr-latency.js:13
[   54527ms] [LOG] [Fast Refresh] rebuilding @ webpack-internal:///(app-pages-browser)/./node_modules/next/dist/client/dev/hot-reloader/app/hot-reloader-app.js:196
[   54650ms] [LOG] [Fast Refresh] done in 122ms @ webpack-internal:///(app-pages-browser)/./node_modules/next/dist/client/dev/report-hmr-latency.js:13
[   54965ms] [LOG] [Fast Refresh] rebuilding @ webpack-internal:///(app-pages-browser)/./node_modules/next/dist/client/dev/hot-reloader/app/hot-reloader-app.js:196
[   55159ms] [LOG] [Fast Refresh] done in 193ms @ webpack-internal:///(app-pages-browser)/./node_modules/next/dist/client/dev/report-hmr-latency.js:13
[   59572ms] [LOG] [Fast Refresh] done in 4606ms @ webpack-internal:///(app-pages-browser)/./node_modules/next/dist/client/dev/report-hmr-latency.js:13
[   59593ms] [LOG] [Fast Refresh] rebuilding @ webpack-internal:///(app-pages-browser)/./node_modules/next/dist/client/dev/hot-reloader/app/hot-reloader-app.js:196
[   61105ms] [LOG] [Fast Refresh] done in 1512ms @ webpack-internal:///(app-pages-browser)/./node_modules/next/dist/client/dev/report-hmr-latency.js:13
[   61115ms] [LOG] [Fast Refresh] rebuilding @ webpack-internal:///(app-pages-browser)/./node_modules/next/dist/client/dev/hot-reloader/app/hot-reloader-app.js:196
[   61653ms] [ERROR] Failed to load resource: the server responded with a status of 500 (Internal Server Error) @ http://localhost:3000/?_rsc=7zehk:0
[   61920ms] [LOG] [Fast Refresh] rebuilding @ webpack-internal:///(app-pages-browser)/./node_modules/next/dist/client/dev/hot-reloader/app/hot-reloader-app.js:196
[   62473ms] [LOG] [Fast Refresh] done in 552ms @ webpack-internal:///(app-pages-browser)/./node_modules/next/dist/client/dev/report-hmr-latency.js:13
[   62830ms] [LOG] [Fast Refresh] rebuilding @ webpack-internal:///(app-pages-browser)/./node_modules/next/dist/client/dev/hot-reloader/app/hot-reloader-app.js:196
[   62893ms] [LOG] [Fast Refresh] done in 63ms @ webpack-internal:///(app-pages-browser)/./node_modules/next/dist/client/dev/report-hmr-latency.js:13
[   63158ms] [LOG] [Fast Refresh] rebuilding @ webpack-internal:///(app-pages-browser)/./node_modules/next/dist/client/dev/hot-reloader/app/hot-reloader-app.js:196
[   63211ms] [LOG] [Fast Refresh] done in 52ms @ webpack-internal:///(app-pages-browser)/./node_modules/next/dist/client/dev/report-hmr-latency.js:13
[   63493ms] [LOG] [Fast Refresh] rebuilding @ webpack-internal:///(app-pages-browser)/./node_modules/next/dist/client/dev/hot-reloader/app/hot-reloader-app.js:196
[   63548ms] [LOG] [Fast Refresh] done in 55ms @ webpack-internal:///(app-pages-browser)/./node_modules/next/dist/client/dev/report-hmr-latency.js:13
[   64324ms] [LOG] [Fast Refresh] rebuilding @ webpack-internal:///(app-pages-browser)/./node_modules/next/dist/client/dev/hot-reloader/app/hot-reloader-app.js:196
[   64483ms] [LOG] [Fast Refresh] done in 160ms @ webpack-internal:///(app-pages-browser)/./node_modules/next/dist/client/dev/report-hmr-latency.js:13
[   65186ms] [LOG] [Fast Refresh] rebuilding @ webpack-internal:///(app-pages-browser)/./node_modules/next/dist/client/dev/hot-reloader/app/hot-reloader-app.js:196
[   65296ms] [LOG] [Fast Refresh] done in 109ms @ webpack-internal:///(app-pages-browser)/./node_modules/next/dist/client/dev/report-hmr-latency.js:13
[   66100ms] [LOG] [Fast Refresh] rebuilding @ webpack-internal:///(app-pages-browser)/./node_modules/next/dist/client/dev/hot-reloader/app/hot-reloader-app.js:196
[   66162ms] [LOG] [Fast Refresh] done in 61ms @ webpack-internal:///(app-pages-browser)/./node_modules/next/dist/client/dev/report-hmr-latency.js:13
[   66469ms] [LOG] [Fast Refresh] rebuilding @ webpack-internal:///(app-pages-browser)/./node_modules/next/dist/client/dev/hot-reloader/app/hot-reloader-app.js:196
[   66527ms] [LOG] [Fast Refresh] done in 58ms @ webpack-internal:///(app-pages-browser)/./node_modules/next/dist/client/dev/report-hmr-latency.js:13
[   66841ms] [LOG] [Fast Refresh] rebuilding @ webpack-internal:///(app-pages-browser)/./node_modules/next/dist/client/dev/hot-reloader/app/hot-reloader-app.js:196
[   66897ms] [LOG] [Fast Refresh] done in 56ms @ webpack-internal:///(app-pages-browser)/./node_modules/next/dist/client/dev/report-hmr-latency.js:13
[   67682ms] [LOG] [Fast Refresh] rebuilding @ webpack-internal:///(app-pages-browser)/./node_modules/next/dist/client/dev/hot-reloader/app/hot-reloader-app.js:196
[   67788ms] [LOG] [Fast Refresh] done in 106ms @ webpack-internal:///(app-pages-browser)/./node_modules/next/dist/client/dev/report-hmr-latency.js:13
[   68182ms] [LOG] [Fast Refresh] rebuilding @ webpack-internal:///(app-pages-browser)/./node_modules/next/dist/client/dev/hot-reloader/app/hot-reloader-app.js:196
[   68280ms] [LOG] [Fast Refresh] done in 99ms @ webpack-internal:///(app-pages-browser)/./node_modules/next/dist/client/dev/report-hmr-latency.js:13
[   69038ms] [LOG] [Fast Refresh] rebuilding @ webpack-internal:///(app-pages-browser)/./node_modules/next/dist/client/dev/hot-reloader/app/hot-reloader-app.js:196
[   69113ms] [LOG] [Fast Refresh] done in 76ms @ webpack-internal:///(app-pages-browser)/./node_modules/next/dist/client/dev/report-hmr-latency.js:13
[   69383ms] [LOG] [Fast Refresh] rebuilding @ webpack-internal:///(app-pages-browser)/./node_modules/next/dist/client/dev/hot-reloader/app/hot-reloader-app.js:196
[   69431ms] [LOG] [Fast Refresh] done in 49ms @ webpack-internal:///(app-pages-browser)/./node_modules/next/dist/client/dev/report-hmr-latency.js:13
[   69715ms] [LOG] [Fast Refresh] rebuilding @ webpack-internal:///(app-pages-browser)/./node_modules/next/dist/client/dev/hot-reloader/app/hot-reloader-app.js:196
[   69784ms] [LOG] [Fast Refresh] done in 70ms @ webpack-internal:///(app-pages-browser)/./node_modules/next/dist/client/dev/report-hmr-latency.js:13
[   70158ms] [LOG] [Fast Refresh] rebuilding @ webpack-internal:///(app-pages-browser)/./node_modules/next/dist/client/dev/hot-reloader/app/hot-reloader-app.js:196
[   70214ms] [LOG] [Fast Refresh] done in 55ms @ webpack-internal:///(app-pages-browser)/./node_modules/next/dist/client/dev/report-hmr-latency.js:13
[   70557ms] [LOG] [Fast Refresh] rebuilding @ webpack-internal:///(app-pages-browser)/./node_modules/next/dist/client/dev/hot-reloader/app/hot-reloader-app.js:196
[   70631ms] [LOG] [Fast Refresh] done in 74ms @ webpack-internal:///(app-pages-browser)/./node_modules/next/dist/client/dev/report-hmr-latency.js:13
[   71740ms] [LOG] [Fast Refresh] rebuilding @ webpack-internal:///(app-pages-browser)/./node_modules/next/dist/client/dev/hot-reloader/app/hot-reloader-app.js:196
[   71901ms] [LOG] [Fast Refresh] done in 162ms @ webpack-internal:///(app-pages-browser)/./node_modules/next/dist/client/dev/report-hmr-latency.js:13
[   72386ms] [LOG] [Fast Refresh] rebuilding @ webpack-internal:///(app-pages-browser)/./node_modules/next/dist/client/dev/hot-reloader/app/hot-reloader-app.js:196
[   72526ms] [LOG] [Fast Refresh] done in 139ms @ webpack-internal:///(app-pages-browser)/./node_modules/next/dist/client/dev/report-hmr-latency.js:13
[   72915ms] [LOG] [Fast Refresh] rebuilding @ webpack-internal:///(app-pages-browser)/./node_modules/next/dist/client/dev/hot-reloader/app/hot-reloader-app.js:196
[   73036ms] [LOG] [Fast Refresh] done in 122ms @ webpack-internal:///(app-pages-browser)/./node_modules/next/dist/client/dev/report-hmr-latency.js:13
[   73353ms] [LOG] [Fast Refresh] rebuilding @ webpack-internal:///(app-pages-browser)/./node_modules/next/dist/client/dev/hot-reloader/app/hot-reloader-app.js:196
[   73421ms] [LOG] [Fast Refresh] done in 68ms @ webpack-internal:///(app-pages-browser)/./node_modules/next/dist/client/dev/report-hmr-latency.js:13
[   73788ms] [LOG] [Fast Refresh] rebuilding @ webpack-internal:///(app-pages-browser)/./node_modules/next/dist/client/dev/hot-reloader/app/hot-reloader-app.js:196
[   73868ms] [LOG] [Fast Refresh] done in 80ms @ webpack-internal:///(app-pages-browser)/./node_modules/next/dist/client/dev/report-hmr-latency.js:13
[   74964ms] [LOG] [Fast Refresh] rebuilding @ webpack-internal:///(app-pages-browser)/./node_modules/next/dist/client/dev/hot-reloader/app/hot-reloader-app.js:196
[   75051ms] [LOG] [Fast Refresh] done in 87ms @ webpack-internal:///(app-pages-browser)/./node_modules/next/dist/client/dev/report-hmr-latency.js:13
[   75407ms] [LOG] [Fast Refresh] rebuilding @ webpack-internal:///(app-pages-browser)/./node_modules/next/dist/client/dev/hot-reloader/app/hot-reloader-app.js:196
[   75502ms] [LOG] [Fast Refresh] done in 95ms @ webpack-internal:///(app-pages-browser)/./node_modules/next/dist/client/dev/report-hmr-latency.js:13
[   75846ms] [LOG] [Fast Refresh] rebuilding @ webpack-internal:///(app-pages-browser)/./node_modules/next/dist/client/dev/hot-reloader/app/hot-reloader-app.js:196
[   75946ms] [LOG] [Fast Refresh] done in 101ms @ webpack-internal:///(app-pages-browser)/./node_modules/next/dist/client/dev/report-hmr-latency.js:13
[   76218ms] [LOG] [Fast Refresh] rebuilding @ webpack-internal:///(app-pages-browser)/./node_modules/next/dist/client/dev/hot-reloader/app/hot-reloader-app.js:196
[   76263ms] [LOG] [Fast Refresh] done in 45ms @ webpack-internal:///(app-pages-browser)/./node_modules/next/dist/client/dev/report-hmr-latency.js:13
[   76587ms] [LOG] [Fast Refresh] rebuilding @ webpack-internal:///(app-pages-browser)/./node_modules/next/dist/client/dev/hot-reloader/app/hot-reloader-app.js:196
[   76666ms] [LOG] [Fast Refresh] done in 80ms @ webpack-internal:///(app-pages-browser)/./node_modules/next/dist/client/dev/report-hmr-latency.js:13
[   77826ms] [LOG] [Fast Refresh] rebuilding @ webpack-internal:///(app-pages-browser)/./node_modules/next/dist/client/dev/hot-reloader/app/hot-reloader-app.js:196
[   77960ms] [LOG] [Fast Refresh] done in 133ms @ webpack-internal:///(app-pages-browser)/./node_modules/next/dist/client/dev/report-hmr-latency.js:13
[   78383ms] [LOG] [Fast Refresh] rebuilding @ webpack-internal:///(app-pages-browser)/./node_modules/next/dist/client/dev/hot-reloader/app/hot-reloader-app.js:196
[   78520ms] [LOG] [Fast Refresh] done in 138ms @ webpack-internal:///(app-pages-browser)/./node_modules/next/dist/client/dev/report-hmr-latency.js:13
[   78841ms] [LOG] [Fast Refresh] rebuilding @ webpack-internal:///(app-pages-browser)/./node_modules/next/dist/client/dev/hot-reloader/app/hot-reloader-app.js:196
[   78942ms] [LOG] [Fast Refresh] done in 101ms @ webpack-internal:///(app-pages-browser)/./node_modules/next/dist/client/dev/report-hmr-latency.js:13
[   79220ms] [LOG] [Fast Refresh] rebuilding @ webpack-internal:///(app-pages-browser)/./node_modules/next/dist/client/dev/hot-reloader/app/hot-reloader-app.js:196
[   79281ms] [LOG] [Fast Refresh] done in 60ms @ webpack-internal:///(app-pages-browser)/./node_modules/next/dist/client/dev/report-hmr-latency.js:13
[   79591ms] [LOG] [Fast Refresh] rebuilding @ webpack-internal:///(app-pages-browser)/./node_modules/next/dist/client/dev/hot-reloader/app/hot-reloader-app.js:196
[   79742ms] [LOG] [Fast Refresh] done in 151ms @ webpack-internal:///(app-pages-browser)/./node_modules/next/dist/client/dev/report-hmr-latency.js:13
[   80982ms] [LOG] [Fast Refresh] rebuilding @ webpack-internal:///(app-pages-browser)/./node_modules/next/dist/client/dev/hot-reloader/app/hot-reloader-app.js:196
[   81067ms] [LOG] [Fast Refresh] done in 85ms @ webpack-internal:///(app-pages-browser)/./node_modules/next/dist/client/dev/report-hmr-latency.js:13
[   81449ms] [LOG] [Fast Refresh] rebuilding @ webpack-internal:///(app-pages-browser)/./node_modules/next/dist/client/dev/hot-reloader/app/hot-reloader-app.js:196
[   81521ms] [LOG] [Fast Refresh] done in 71ms @ webpack-internal:///(app-pages-browser)/./node_modules/next/dist/client/dev/report-hmr-latency.js:13
[   81882ms] [LOG] [Fast Refresh] rebuilding @ webpack-internal:///(app-pages-browser)/./node_modules/next/dist/client/dev/hot-reloader/app/hot-reloader-app.js:196
[   81942ms] [LOG] [Fast Refresh] done in 60ms @ webpack-internal:///(app-pages-browser)/./node_modules/next/dist/client/dev/report-hmr-latency.js:13
[   82204ms] [LOG] [Fast Refresh] rebuilding @ webpack-internal:///(app-pages-browser)/./node_modules/next/dist/client/dev/hot-reloader/app/hot-reloader-app.js:196
[   82251ms] [LOG] [Fast Refresh] done in 47ms @ webpack-internal:///(app-pages-browser)/./node_modules/next/dist/client/dev/report-hmr-latency.js:13
[   82565ms] [LOG] [Fast Refresh] rebuilding @ webpack-internal:///(app-pages-browser)/./node_modules/next/dist/client/dev/hot-reloader/app/hot-reloader-app.js:196
[   82636ms] [LOG] [Fast Refresh] done in 72ms @ webpack-internal:///(app-pages-browser)/./node_modules/next/dist/client/dev/report-hmr-latency.js:13
[   84008ms] [LOG] [Fast Refresh] rebuilding @ webpack-internal:///(app-pages-browser)/./node_modules/next/dist/client/dev/hot-reloader/app/hot-reloader-app.js:196
[   84083ms] [LOG] [Fast Refresh] done in 76ms @ webpack-internal:///(app-pages-browser)/./node_modules/next/dist/client/dev/report-hmr-latency.js:13
[   84568ms] [LOG] [Fast Refresh] rebuilding @ webpack-internal:///(app-pages-browser)/./node_modules/next/dist/client/dev/hot-reloader/app/hot-reloader-app.js:196
[   84745ms] [LOG] [Fast Refresh] done in 177ms @ webpack-internal:///(app-pages-browser)/./node_modules/next/dist/client/dev/report-hmr-latency.js:13
[   85093ms] [LOG] [Fast Refresh] rebuilding @ webpack-internal:///(app-pages-browser)/./node_modules/next/dist/client/dev/hot-reloader/app/hot-reloader-app.js:196
[   85195ms] [LOG] [Fast Refresh] done in 102ms @ webpack-internal:///(app-pages-browser)/./node_modules/next/dist/client/dev/report-hmr-latency.js:13
[   85438ms] [LOG] [Fast Refresh] rebuilding @ webpack-internal:///(app-pages-browser)/./node_modules/next/dist/client/dev/hot-reloader/app/hot-reloader-app.js:196
[   85487ms] [LOG] [Fast Refresh] done in 48ms @ webpack-internal:///(app-pages-browser)/./node_modules/next/dist/client/dev/report-hmr-latency.js:13
[   85829ms] [LOG] [Fast Refresh] rebuilding @ webpack-internal:///(app-pages-browser)/./node_modules/next/dist/client/dev/hot-reloader/app/hot-reloader-app.js:196
[   85892ms] [LOG] [Fast Refresh] done in 64ms @ webpack-internal:///(app-pages-browser)/./node_modules/next/dist/client/dev/report-hmr-latency.js:13
[   86979ms] [LOG] [Fast Refresh] rebuilding @ webpack-internal:///(app-pages-browser)/./node_modules/next/dist/client/dev/hot-reloader/app/hot-reloader-app.js:196
[   87040ms] [LOG] [Fast Refresh] done in 62ms @ webpack-internal:///(app-pages-browser)/./node_modules/next/dist/client/dev/report-hmr-latency.js:13
[   87334ms] [LOG] [Fast Refresh] rebuilding @ webpack-internal:///(app-pages-browser)/./node_modules/next/dist/client/dev/hot-reloader/app/hot-reloader-app.js:196
[   87388ms] [LOG] [Fast Refresh] done in 55ms @ webpack-internal:///(app-pages-browser)/./node_modules/next/dist/client/dev/report-hmr-latency.js:13
[   87686ms] [LOG] [Fast Refresh] rebuilding @ webpack-internal:///(app-pages-browser)/./node_modules/next/dist/client/dev/hot-reloader/app/hot-reloader-app.js:196
[   87743ms] [LOG] [Fast Refresh] done in 57ms @ webpack-internal:///(app-pages-browser)/./node_modules/next/dist/client/dev/report-hmr-latency.js:13
[   87971ms] [LOG] [Fast Refresh] rebuilding @ webpack-internal:///(app-pages-browser)/./node_modules/next/dist/client/dev/hot-reloader/app/hot-reloader-app.js:196
[   88011ms] [LOG] [Fast Refresh] done in 41ms @ webpack-internal:///(app-pages-browser)/./node_modules/next/dist/client/dev/report-hmr-latency.js:13
[   88250ms] [LOG] [Fast Refresh] rebuilding @ webpack-internal:///(app-pages-browser)/./node_modules/next/dist/client/dev/hot-reloader/app/hot-reloader-app.js:196
[   88307ms] [LOG] [Fast Refresh] done in 57ms @ webpack-internal:///(app-pages-browser)/./node_modules/next/dist/client/dev/report-hmr-latency.js:13
[   89295ms] [LOG] [Fast Refresh] rebuilding @ webpack-internal:///(app-pages-browser)/./node_modules/next/dist/client/dev/hot-reloader/app/hot-reloader-app.js:196
[   89422ms] [LOG] [Fast Refresh] done in 128ms @ webpack-internal:///(app-pages-browser)/./node_modules/next/dist/client/dev/report-hmr-latency.js:13
[   89837ms] [LOG] [Fast Refresh] rebuilding @ webpack-internal:///(app-pages-browser)/./node_modules/next/dist/client/dev/hot-reloader/app/hot-reloader-app.js:196
[   89940ms] [LOG] [Fast Refresh] done in 103ms @ webpack-internal:///(app-pages-browser)/./node_modules/next/dist/client/dev/report-hmr-latency.js:13
[   90150ms] [LOG] [Fast Refresh] rebuilding @ webpack-internal:///(app-pages-browser)/./node_modules/next/dist/client/dev/hot-reloader/app/hot-reloader-app.js:196
[   90189ms] [LOG] [Fast Refresh] done in 40ms @ webpack-internal:///(app-pages-browser)/./node_modules/next/dist/client/dev/report-hmr-latency.js:13
[   90424ms] [LOG] [Fast Refresh] rebuilding @ webpack-internal:///(app-pages-browser)/./node_modules/next/dist/client/dev/hot-reloader/app/hot-reloader-app.js:196
[   90461ms] [LOG] [Fast Refresh] done in 37ms @ webpack-internal:///(app-pages-browser)/./node_modules/next/dist/client/dev/report-hmr-latency.js:13
[   90653ms] [LOG] [Fast Refresh] rebuilding @ webpack-internal:///(app-pages-browser)/./node_modules/next/dist/client/dev/hot-reloader/app/hot-reloader-app.js:196
[   90713ms] [LOG] [Fast Refresh] done in 60ms @ webpack-internal:///(app-pages-browser)/./node_modules/next/dist/client/dev/report-hmr-latency.js:13
[   91717ms] [LOG] [Fast Refresh] rebuilding @ webpack-internal:///(app-pages-browser)/./node_modules/next/dist/client/dev/hot-reloader/app/hot-reloader-app.js:196
[   91799ms] [LOG] [Fast Refresh] done in 82ms @ webpack-internal:///(app-pages-browser)/./node_modules/next/dist/client/dev/report-hmr-latency.js:13
[   92073ms] [LOG] [Fast Refresh] rebuilding @ webpack-internal:///(app-pages-browser)/./node_modules/next/dist/client/dev/hot-reloader/app/hot-reloader-app.js:196
[   92126ms] [LOG] [Fast Refresh] done in 53ms @ webpack-internal:///(app-pages-browser)/./node_modules/next/dist/client/dev/report-hmr-latency.js:13
[   92521ms] [LOG] [Fast Refresh] rebuilding @ webpack-internal:///(app-pages-browser)/./node_modules/next/dist/client/dev/hot-reloader/app/hot-reloader-app.js:196
[   92576ms] [LOG] [Fast Refresh] done in 54ms @ webpack-internal:///(app-pages-browser)/./node_modules/next/dist/client/dev/report-hmr-latency.js:13
[   92833ms] [LOG] [Fast Refresh] rebuilding @ webpack-internal:///(app-pages-browser)/./node_modules/next/dist/client/dev/hot-reloader/app/hot-reloader-app.js:196
[   92891ms] [LOG] [Fast Refresh] done in 59ms @ webpack-internal:///(app-pages-browser)/./node_modules/next/dist/client/dev/report-hmr-latency.js:13
[   93119ms] [LOG] [Fast Refresh] rebuilding @ webpack-internal:///(app-pages-browser)/./node_modules/next/dist/client/dev/hot-reloader/app/hot-reloader-app.js:196
[   93176ms] [LOG] [Fast Refresh] done in 58ms @ webpack-internal:///(app-pages-browser)/./node_modules/next/dist/client/dev/report-hmr-latency.js:13
[   94278ms] [LOG] [Fast Refresh] rebuilding @ webpack-internal:///(app-pages-browser)/./node_modules/next/dist/client/dev/hot-reloader/app/hot-reloader-app.js:196
[   94377ms] [LOG] [Fast Refresh] done in 99ms @ webpack-internal:///(app-pages-browser)/./node_modules/next/dist/client/dev/report-hmr-latency.js:13
[   94748ms] [LOG] [Fast Refresh] rebuilding @ webpack-internal:///(app-pages-browser)/./node_modules/next/dist/client/dev/hot-reloader/app/hot-reloader-app.js:196
[   94877ms] [LOG] [Fast Refresh] done in 130ms @ webpack-internal:///(app-pages-browser)/./node_modules/next/dist/client/dev/report-hmr-latency.js:13
[   95218ms] [LOG] [Fast Refresh] rebuilding @ webpack-internal:///(app-pages-browser)/./node_modules/next/dist/client/dev/hot-reloader/app/hot-reloader-app.js:196
[   95264ms] [LOG] [Fast Refresh] done in 45ms @ webpack-internal:///(app-pages-browser)/./node_modules/next/dist/client/dev/report-hmr-latency.js:13
[   95505ms] [LOG] [Fast Refresh] rebuilding @ webpack-internal:///(app-pages-browser)/./node_modules/next/dist/client/dev/hot-reloader/app/hot-reloader-app.js:196
[   95560ms] [LOG] [Fast Refresh] done in 54ms @ webpack-internal:///(app-pages-browser)/./node_modules/next/dist/client/dev/report-hmr-latency.js:13
[   95806ms] [LOG] [Fast Refresh] rebuilding @ webpack-internal:///(app-pages-browser)/./node_modules/next/dist/client/dev/hot-reloader/app/hot-reloader-app.js:196
[   95874ms] [LOG] [Fast Refresh] done in 69ms @ webpack-internal:///(app-pages-browser)/./node_modules/next/dist/client/dev/report-hmr-latency.js:13
[   97342ms] [LOG] [Fast Refresh] rebuilding @ webpack-internal:///(app-pages-browser)/./node_modules/next/dist/client/dev/hot-reloader/app/hot-reloader-app.js:196
[   97412ms] [LOG] [Fast Refresh] done in 70ms @ webpack-internal:///(app-pages-browser)/./node_modules/next/dist/client/dev/report-hmr-latency.js:13
[   97810ms] [LOG] [Fast Refresh] rebuilding @ webpack-internal:///(app-pages-browser)/./node_modules/next/dist/client/dev/hot-reloader/app/hot-reloader-app.js:196
[   97938ms] [LOG] [Fast Refresh] done in 129ms @ webpack-internal:///(app-pages-browser)/./node_modules/next/dist/client/dev/report-hmr-latency.js:13
[   98147ms] [LOG] [Fast Refresh] rebuilding @ webpack-internal:///(app-pages-browser)/./node_modules/next/dist/client/dev/hot-reloader/app/hot-reloader-app.js:196
[   98196ms] [LOG] [Fast Refresh] done in 49ms @ webpack-internal:///(app-pages-browser)/./node_modules/next/dist/client/dev/report-hmr-latency.js:13
[   98446ms] [LOG] [Fast Refresh] rebuilding @ webpack-internal:///(app-pages-browser)/./node_modules/next/dist/client/dev/hot-reloader/app/hot-reloader-app.js:196
[   98489ms] [LOG] [Fast Refresh] done in 43ms @ webpack-internal:///(app-pages-browser)/./node_modules/next/dist/client/dev/report-hmr-latency.js:13
[   98777ms] [LOG] [Fast Refresh] rebuilding @ webpack-internal:///(app-pages-browser)/./node_modules/next/dist/client/dev/hot-reloader/app/hot-reloader-app.js:196
[   98838ms] [LOG] [Fast Refresh] done in 60ms @ webpack-internal:///(app-pages-browser)/./node_modules/next/dist/client/dev/report-hmr-latency.js:13
[   99910ms] [LOG] [Fast Refresh] rebuilding @ webpack-internal:///(app-pages-browser)/./node_modules/next/dist/client/dev/hot-reloader/app/hot-reloader-app.js:196
[  100001ms] [LOG] [Fast Refresh] done in 91ms @ webpack-internal:///(app-pages-browser)/./node_modules/next/dist/client/dev/report-hmr-latency.js:13
[  100382ms] [LOG] [Fast Refresh] rebuilding @ webpack-internal:///(app-pages-browser)/./node_modules/next/dist/client/dev/hot-reloader/app/hot-reloader-app.js:196
[  100530ms] [LOG] [Fast Refresh] done in 148ms @ webpack-internal:///(app-pages-browser)/./node_modules/next/dist/client/dev/report-hmr-latency.js:13
[  100911ms] [LOG] [Fast Refresh] rebuilding @ webpack-internal:///(app-pages-browser)/./node_modules/next/dist/client/dev/hot-reloader/app/hot-reloader-app.js:196
[  100971ms] [LOG] [Fast Refresh] done in 61ms @ webpack-internal:///(app-pages-browser)/./node_modules/next/dist/client/dev/report-hmr-latency.js:13
[  101291ms] [LOG] [Fast Refresh] rebuilding @ webpack-internal:///(app-pages-browser)/./node_modules/next/dist/client/dev/hot-reloader/app/hot-reloader-app.js:196
[  101341ms] [LOG] [Fast Refresh] done in 49ms @ webpack-internal:///(app-pages-browser)/./node_modules/next/dist/client/dev/report-hmr-latency.js:13
[  101706ms] [LOG] [Fast Refresh] rebuilding @ webpack-internal:///(app-pages-browser)/./node_modules/next/dist/client/dev/hot-reloader/app/hot-reloader-app.js:196
[  101785ms] [LOG] [Fast Refresh] done in 79ms @ webpack-internal:///(app-pages-browser)/./node_modules/next/dist/client/dev/report-hmr-latency.js:13
[  102860ms] [LOG] [Fast Refresh] rebuilding @ webpack-internal:///(app-pages-browser)/./node_modules/next/dist/client/dev/hot-reloader/app/hot-reloader-app.js:196
[  102968ms] [LOG] [Fast Refresh] done in 108ms @ webpack-internal:///(app-pages-browser)/./node_modules/next/dist/client/dev/report-hmr-latency.js:13
[  103327ms] [LOG] [Fast Refresh] rebuilding @ webpack-internal:///(app-pages-browser)/./node_modules/next/dist/client/dev/hot-reloader/app/hot-reloader-app.js:196
[  103426ms] [LOG] [Fast Refresh] done in 99ms @ webpack-internal:///(app-pages-browser)/./node_modules/next/dist/client/dev/report-hmr-latency.js:13
[  103758ms] [LOG] [Fast Refresh] rebuilding @ webpack-internal:///(app-pages-browser)/./node_modules/next/dist/client/dev/hot-reloader/app/hot-reloader-app.js:196
[  103809ms] [LOG] [Fast Refresh] done in 50ms @ webpack-internal:///(app-pages-browser)/./node_modules/next/dist/client/dev/report-hmr-latency.js:13
[  104046ms] [LOG] [Fast Refresh] rebuilding @ webpack-internal:///(app-pages-browser)/./node_modules/next/dist/client/dev/hot-reloader/app/hot-reloader-app.js:196
[  104102ms] [LOG] [Fast Refresh] done in 56ms @ webpack-internal:///(app-pages-browser)/./node_modules/next/dist/client/dev/report-hmr-latency.js:13
[  104351ms] [LOG] [Fast Refresh] rebuilding @ webpack-internal:///(app-pages-browser)/./node_modules/next/dist/client/dev/hot-reloader/app/hot-reloader-app.js:196
[  104429ms] [LOG] [Fast Refresh] done in 78ms @ webpack-internal:///(app-pages-browser)/./node_modules/next/dist/client/dev/report-hmr-latency.js:13
[  105442ms] [LOG] [Fast Refresh] rebuilding @ webpack-internal:///(app-pages-browser)/./node_modules/next/dist/client/dev/hot-reloader/app/hot-reloader-app.js:196
[  105652ms] [LOG] [Fast Refresh] done in 211ms @ webpack-internal:///(app-pages-browser)/./node_modules/next/dist/client/dev/report-hmr-latency.js:13
[  105833ms] [LOG] [Fast Refresh] rebuilding @ webpack-internal:///(app-pages-browser)/./node_modules/next/dist/client/dev/hot-reloader/app/hot-reloader-app.js:196
[  105900ms] [LOG] [Fast Refresh] done in 67ms @ webpack-internal:///(app-pages-browser)/./node_modules/next/dist/client/dev/report-hmr-latency.js:13
[  106234ms] [LOG] [Fast Refresh] rebuilding @ webpack-internal:///(app-pages-browser)/./node_modules/next/dist/client/dev/hot-reloader/app/hot-reloader-app.js:196
[  106291ms] [LOG] [Fast Refresh] done in 57ms @ webpack-internal:///(app-pages-browser)/./node_modules/next/dist/client/dev/report-hmr-latency.js:13
[  106524ms] [LOG] [Fast Refresh] rebuilding @ webpack-internal:///(app-pages-browser)/./node_modules/next/dist/client/dev/hot-reloader/app/hot-reloader-app.js:196
[  106567ms] [LOG] [Fast Refresh] done in 43ms @ webpack-internal:///(app-pages-browser)/./node_modules/next/dist/client/dev/report-hmr-latency.js:13
[  106835ms] [LOG] [Fast Refresh] rebuilding @ webpack-internal:///(app-pages-browser)/./node_modules/next/dist/client/dev/hot-reloader/app/hot-reloader-app.js:196
[  106895ms] [LOG] [Fast Refresh] done in 60ms @ webpack-internal:///(app-pages-browser)/./node_modules/next/dist/client/dev/report-hmr-latency.js:13
[  107928ms] [LOG] [Fast Refresh] rebuilding @ webpack-internal:///(app-pages-browser)/./node_modules/next/dist/client/dev/hot-reloader/app/hot-reloader-app.js:196
[  107991ms] [LOG] [Fast Refresh] done in 63ms @ webpack-internal:///(app-pages-browser)/./node_modules/next/dist/client/dev/report-hmr-latency.js:13
[  108313ms] [LOG] [Fast Refresh] rebuilding @ webpack-internal:///(app-pages-browser)/./node_modules/next/dist/client/dev/hot-reloader/app/hot-reloader-app.js:196
[  108368ms] [LOG] [Fast Refresh] done in 54ms @ webpack-internal:///(app-pages-browser)/./node_modules/next/dist/client/dev/report-hmr-latency.js:13
[  108654ms] [LOG] [Fast Refresh] rebuilding @ webpack-internal:///(app-pages-browser)/./node_modules/next/dist/client/dev/hot-reloader/app/hot-reloader-app.js:196
[  108697ms] [LOG] [Fast Refresh] done in 43ms @ webpack-internal:///(app-pages-browser)/./node_modules/next/dist/client/dev/report-hmr-latency.js:13
[  108957ms] [LOG] [Fast Refresh] rebuilding @ webpack-internal:///(app-pages-browser)/./node_modules/next/dist/client/dev/hot-reloader/app/hot-reloader-app.js:196
[  109016ms] [LOG] [Fast Refresh] done in 59ms @ webpack-internal:///(app-pages-browser)/./node_modules/next/dist/client/dev/report-hmr-latency.js:13
[  109276ms] [LOG] [Fast Refresh] rebuilding @ webpack-internal:///(app-pages-browser)/./node_modules/next/dist/client/dev/hot-reloader/app/hot-reloader-app.js:196
[  109337ms] [LOG] [Fast Refresh] done in 61ms @ webpack-internal:///(app-pages-browser)/./node_modules/next/dist/client/dev/report-hmr-latency.js:13
[  110362ms] [LOG] [Fast Refresh] rebuilding @ webpack-internal:///(app-pages-browser)/./node_modules/next/dist/client/dev/hot-reloader/app/hot-reloader-app.js:196
[  110455ms] [LOG] [Fast Refresh] done in 93ms @ webpack-internal:///(app-pages-browser)/./node_modules/next/dist/client/dev/report-hmr-latency.js:13
[  110758ms] [LOG] [Fast Refresh] rebuilding @ webpack-internal:///(app-pages-browser)/./node_modules/next/dist/client/dev/hot-reloader/app/hot-reloader-app.js:196
[  110817ms] [LOG] [Fast Refresh] done in 59ms @ webpack-internal:///(app-pages-browser)/./node_modules/next/dist/client/dev/report-hmr-latency.js:13
[  111115ms] [LOG] [Fast Refresh] rebuilding @ webpack-internal:///(app-pages-browser)/./node_modules/next/dist/client/dev/hot-reloader/app/hot-reloader-app.js:196
[  111158ms] [LOG] [Fast Refresh] done in 42ms @ webpack-internal:///(app-pages-browser)/./node_modules/next/dist/client/dev/report-hmr-latency.js:13
[  111401ms] [LOG] [Fast Refresh] rebuilding @ webpack-internal:///(app-pages-browser)/./node_modules/next/dist/client/dev/hot-reloader/app/hot-reloader-app.js:196
[  111449ms] [LOG] [Fast Refresh] done in 48ms @ webpack-internal:///(app-pages-browser)/./node_modules/next/dist/client/dev/report-hmr-latency.js:13
[  111704ms] [LOG] [Fast Refresh] rebuilding @ webpack-internal:///(app-pages-browser)/./node_modules/next/dist/client/dev/hot-reloader/app/hot-reloader-app.js:196
[  111767ms] [LOG] [Fast Refresh] done in 63ms @ webpack-internal:///(app-pages-browser)/./node_modules/next/dist/client/dev/report-hmr-latency.js:13
[  112863ms] [LOG] [Fast Refresh] rebuilding @ webpack-internal:///(app-pages-browser)/./node_modules/next/dist/client/dev/hot-reloader/app/hot-reloader-app.js:196
[  112969ms] [LOG] [Fast Refresh] done in 106ms @ webpack-internal:///(app-pages-browser)/./node_modules/next/dist/client/dev/report-hmr-latency.js:13
[  113422ms] [LOG] [Fast Refresh] rebuilding @ webpack-internal:///(app-pages-browser)/./node_modules/next/dist/client/dev/hot-reloader/app/hot-reloader-app.js:196
[  113513ms] [LOG] [Fast Refresh] done in 90ms @ webpack-internal:///(app-pages-browser)/./node_modules/next/dist/client/dev/report-hmr-latency.js:13
[  113781ms] [LOG] [Fast Refresh] rebuilding @ webpack-internal:///(app-pages-browser)/./node_modules/next/dist/client/dev/hot-reloader/app/hot-reloader-app.js:196
[  113822ms] [LOG] [Fast Refresh] done in 41ms @ webpack-internal:///(app-pages-browser)/./node_modules/next/dist/client/dev/report-hmr-latency.js:13
[  114060ms] [LOG] [Fast Refresh] rebuilding @ webpack-internal:///(app-pages-browser)/./node_modules/next/dist/client/dev/hot-reloader/app/hot-reloader-app.js:196
[  114109ms] [LOG] [Fast Refresh] done in 48ms @ webpack-internal:///(app-pages-browser)/./node_modules/next/dist/client/dev/report-hmr-latency.js:13
[  114333ms] [LOG] [Fast Refresh] rebuilding @ webpack-internal:///(app-pages-browser)/./node_modules/next/dist/client/dev/hot-reloader/app/hot-reloader-app.js:196
[  114393ms] [LOG] [Fast Refresh] done in 59ms @ webpack-internal:///(app-pages-browser)/./node_modules/next/dist/client/dev/report-hmr-latency.js:13
[  115458ms] [LOG] [Fast Refresh] rebuilding @ webpack-internal:///(app-pages-browser)/./node_modules/next/dist/client/dev/hot-reloader/app/hot-reloader-app.js:196
[  115583ms] [LOG] [Fast Refresh] done in 124ms @ webpack-internal:///(app-pages-browser)/./node_modules/next/dist/client/dev/report-hmr-latency.js:13
[  115883ms] [LOG] [Fast Refresh] rebuilding @ webpack-internal:///(app-pages-browser)/./node_modules/next/dist/client/dev/hot-reloader/app/hot-reloader-app.js:196
[  115953ms] [LOG] [Fast Refresh] done in 70ms @ webpack-internal:///(app-pages-browser)/./node_modules/next/dist/client/dev/report-hmr-latency.js:13
[  116238ms] [LOG] [Fast Refresh] rebuilding @ webpack-internal:///(app-pages-browser)/./node_modules/next/dist/client/dev/hot-reloader/app/hot-reloader-app.js:196
[  116276ms] [LOG] [Fast Refresh] done in 37ms @ webpack-internal:///(app-pages-browser)/./node_modules/next/dist/client/dev/report-hmr-latency.js:13
[  116537ms] [LOG] [Fast Refresh] rebuilding @ webpack-internal:///(app-pages-browser)/./node_modules/next/dist/client/dev/hot-reloader/app/hot-reloader-app.js:196
[  116579ms] [LOG] [Fast Refresh] done in 42ms @ webpack-internal:///(app-pages-browser)/./node_modules/next/dist/client/dev/report-hmr-latency.js:13
[  116797ms] [LOG] [Fast Refresh] rebuilding @ webpack-internal:///(app-pages-browser)/./node_modules/next/dist/client/dev/hot-reloader/app/hot-reloader-app.js:196
[  116897ms] [LOG] [Fast Refresh] done in 100ms @ webpack-internal:///(app-pages-browser)/./node_modules/next/dist/client/dev/report-hmr-latency.js:13
[  117954ms] [LOG] [Fast Refresh] rebuilding @ webpack-internal:///(app-pages-browser)/./node_modules/next/dist/client/dev/hot-reloader/app/hot-reloader-app.js:196
[  118027ms] [LOG] [Fast Refresh] done in 73ms @ webpack-internal:///(app-pages-browser)/./node_modules/next/dist/client/dev/report-hmr-latency.js:13
[  118337ms] [LOG] [Fast Refresh] rebuilding @ webpack-internal:///(app-pages-browser)/./node_modules/next/dist/client/dev/hot-reloader/app/hot-reloader-app.js:196
[  118417ms] [LOG] [Fast Refresh] done in 80ms @ webpack-internal:///(app-pages-browser)/./node_modules/next/dist/client/dev/report-hmr-latency.js:13
[  118717ms] [LOG] [Fast Refresh] rebuilding @ webpack-internal:///(app-pages-browser)/./node_modules/next/dist/client/dev/hot-reloader/app/hot-reloader-app.js:196
[  118777ms] [LOG] [Fast Refresh] done in 60ms @ webpack-internal:///(app-pages-browser)/./node_modules/next/dist/client/dev/report-hmr-latency.js:13
[  119009ms] [LOG] [Fast Refresh] rebuilding @ webpack-internal:///(app-pages-browser)/./node_modules/next/dist/client/dev/hot-reloader/app/hot-reloader-app.js:196
[  119048ms] [LOG] [Fast Refresh] done in 39ms @ webpack-internal:///(app-pages-browser)/./node_modules/next/dist/client/dev/report-hmr-latency.js:13
[  119269ms] [LOG] [Fast Refresh] rebuilding @ webpack-internal:///(app-pages-browser)/./node_modules/next/dist/client/dev/hot-reloader/app/hot-reloader-app.js:196
[  119322ms] [LOG] [Fast Refresh] done in 52ms @ webpack-internal:///(app-pages-browser)/./node_modules/next/dist/client/dev/report-hmr-latency.js:13
[  121231ms] [LOG] [Fast Refresh] rebuilding @ webpack-internal:///(app-pages-browser)/./node_modules/next/dist/client/dev/hot-reloader/app/hot-reloader-app.js:196
[  121471ms] [LOG] [Fast Refresh] done in 240ms @ webpack-internal:///(app-pages-browser)/./node_modules/next/dist/client/dev/report-hmr-latency.js:13
[  122664ms] [LOG] [Fast Refresh] rebuilding @ webpack-internal:///(app-pages-browser)/./node_modules/next/dist/client/dev/hot-reloader/app/hot-reloader-app.js:196
[  122731ms] [LOG] [Fast Refresh] done in 67ms @ webpack-internal:///(app-pages-browser)/./node_modules/next/dist/client/dev/report-hmr-latency.js:13
[  123032ms] [LOG] [Fast Refresh] rebuilding @ webpack-internal:///(app-pages-browser)/./node_modules/next/dist/client/dev/hot-reloader/app/hot-reloader-app.js:196
[  123102ms] [LOG] [Fast Refresh] done in 70ms @ webpack-internal:///(app-pages-browser)/./node_modules/next/dist/client/dev/report-hmr-latency.js:13
[  123343ms] [LOG] [Fast Refresh] rebuilding @ webpack-internal:///(app-pages-browser)/./node_modules/next/dist/client/dev/hot-reloader/app/hot-reloader-app.js:196
[  123388ms] [LOG] [Fast Refresh] done in 45ms @ webpack-internal:///(app-pages-browser)/./node_modules/next/dist/client/dev/report-hmr-latency.js:13
[  123648ms] [LOG] [Fast Refresh] rebuilding @ webpack-internal:///(app-pages-browser)/./node_modules/next/dist/client/dev/hot-reloader/app/hot-reloader-app.js:196
[  123767ms] [LOG] [Fast Refresh] done in 120ms @ webpack-internal:///(app-pages-browser)/./node_modules/next/dist/client/dev/report-hmr-latency.js:13
[  124078ms] [LOG] [Fast Refresh] rebuilding @ webpack-internal:///(app-pages-browser)/./node_modules/next/dist/client/dev/hot-reloader/app/hot-reloader-app.js:196
[  124118ms] [LOG] [Fast Refresh] done in 40ms @ webpack-internal:///(app-pages-browser)/./node_modules/next/dist/client/dev/report-hmr-latency.js:13
[  125286ms] [LOG] [Fast Refresh] rebuilding @ webpack-internal:///(app-pages-browser)/./node_modules/next/dist/client/dev/hot-reloader/app/hot-reloader-app.js:196
[  125384ms] [LOG] [Fast Refresh] done in 98ms @ webpack-internal:///(app-pages-browser)/./node_modules/next/dist/client/dev/report-hmr-latency.js:13
[  125770ms] [LOG] [Fast Refresh] rebuilding @ webpack-internal:///(app-pages-browser)/./node_modules/next/dist/client/dev/hot-reloader/app/hot-reloader-app.js:196
[  126043ms] [LOG] [Fast Refresh] done in 272ms @ webpack-internal:///(app-pages-browser)/./node_modules/next/dist/client/dev/report-hmr-latency.js:13
[  126188ms] [LOG] [Fast Refresh] rebuilding @ webpack-internal:///(app-pages-browser)/./node_modules/next/dist/client/dev/hot-reloader/app/hot-reloader-app.js:196
[  126235ms] [LOG] [Fast Refresh] done in 47ms @ webpack-internal:///(app-pages-browser)/./node_modules/next/dist/client/dev/report-hmr-latency.js:13
[  126474ms] [LOG] [Fast Refresh] rebuilding @ webpack-internal:///(app-pages-browser)/./node_modules/next/dist/client/dev/hot-reloader/app/hot-reloader-app.js:196
[  126517ms] [LOG] [Fast Refresh] done in 42ms @ webpack-internal:///(app-pages-browser)/./node_modules/next/dist/client/dev/report-hmr-latency.js:13
[  126811ms] [LOG] [Fast Refresh] rebuilding @ webpack-internal:///(app-pages-browser)/./node_modules/next/dist/client/dev/hot-reloader/app/hot-reloader-app.js:196
[  126868ms] [LOG] [Fast Refresh] done in 56ms @ webpack-internal:///(app-pages-browser)/./node_modules/next/dist/client/dev/report-hmr-latency.js:13
[  127946ms] [LOG] [Fast Refresh] rebuilding @ webpack-internal:///(app-pages-browser)/./node_modules/next/dist/client/dev/hot-reloader/app/hot-reloader-app.js:196
[  128014ms] [LOG] [Fast Refresh] done in 68ms @ webpack-internal:///(app-pages-browser)/./node_modules/next/dist/client/dev/report-hmr-latency.js:13
[  128338ms] [LOG] [Fast Refresh] rebuilding @ webpack-internal:///(app-pages-browser)/./node_modules/next/dist/client/dev/hot-reloader/app/hot-reloader-app.js:196
[  128417ms] [LOG] [Fast Refresh] done in 80ms @ webpack-internal:///(app-pages-browser)/./node_modules/next/dist/client/dev/report-hmr-latency.js:13
[  128671ms] [LOG] [Fast Refresh] rebuilding @ webpack-internal:///(app-pages-browser)/./node_modules/next/dist/client/dev/hot-reloader/app/hot-reloader-app.js:196
[  128730ms] [LOG] [Fast Refresh] done in 59ms @ webpack-internal:///(app-pages-browser)/./node_modules/next/dist/client/dev/report-hmr-latency.js:13
[  128983ms] [LOG] [Fast Refresh] rebuilding @ webpack-internal:///(app-pages-browser)/./node_modules/next/dist/client/dev/hot-reloader/app/hot-reloader-app.js:196
[  129031ms] [LOG] [Fast Refresh] done in 48ms @ webpack-internal:///(app-pages-browser)/./node_modules/next/dist/client/dev/report-hmr-latency.js:13
[  129332ms] [LOG] [Fast Refresh] rebuilding @ webpack-internal:///(app-pages-browser)/./node_modules/next/dist/client/dev/hot-reloader/app/hot-reloader-app.js:196
[  129387ms] [LOG] [Fast Refresh] done in 56ms @ webpack-internal:///(app-pages-browser)/./node_modules/next/dist/client/dev/report-hmr-latency.js:13
[  130454ms] [LOG] [Fast Refresh] rebuilding @ webpack-internal:///(app-pages-browser)/./node_modules/next/dist/client/dev/hot-reloader/app/hot-reloader-app.js:196
[  130516ms] [LOG] [Fast Refresh] done in 62ms @ webpack-internal:///(app-pages-browser)/./node_modules/next/dist/client/dev/report-hmr-latency.js:13
[  130839ms] [LOG] [Fast Refresh] rebuilding @ webpack-internal:///(app-pages-browser)/./node_modules/next/dist/client/dev/hot-reloader/app/hot-reloader-app.js:196
[  130898ms] [LOG] [Fast Refresh] done in 59ms @ webpack-internal:///(app-pages-browser)/./node_modules/next/dist/client/dev/report-hmr-latency.js:13
[  131206ms] [LOG] [Fast Refresh] rebuilding @ webpack-internal:///(app-pages-browser)/./node_modules/next/dist/client/dev/hot-reloader/app/hot-reloader-app.js:196
[  131255ms] [LOG] [Fast Refresh] done in 48ms @ webpack-internal:///(app-pages-browser)/./node_modules/next/dist/client/dev/report-hmr-latency.js:13
[  131535ms] [LOG] [Fast Refresh] rebuilding @ webpack-internal:///(app-pages-browser)/./node_modules/next/dist/client/dev/hot-reloader/app/hot-reloader-app.js:196
[  131572ms] [LOG] [Fast Refresh] done in 37ms @ webpack-internal:///(app-pages-browser)/./node_modules/next/dist/client/dev/report-hmr-latency.js:13
[  131846ms] [LOG] [Fast Refresh] rebuilding @ webpack-internal:///(app-pages-browser)/./node_modules/next/dist/client/dev/hot-reloader/app/hot-reloader-app.js:196
[  131914ms] [LOG] [Fast Refresh] done in 68ms @ webpack-internal:///(app-pages-browser)/./node_modules/next/dist/client/dev/report-hmr-latency.js:13
[  133114ms] [LOG] [Fast Refresh] rebuilding @ webpack-internal:///(app-pages-browser)/./node_modules/next/dist/client/dev/hot-reloader/app/hot-reloader-app.js:196
[  133220ms] [LOG] [Fast Refresh] done in 105ms @ webpack-internal:///(app-pages-browser)/./node_modules/next/dist/client/dev/report-hmr-latency.js:13
[  133758ms] [LOG] [Fast Refresh] rebuilding @ webpack-internal:///(app-pages-browser)/./node_modules/next/dist/client/dev/hot-reloader/app/hot-reloader-app.js:196
[  133890ms] [LOG] [Fast Refresh] done in 132ms @ webpack-internal:///(app-pages-browser)/./node_modules/next/dist/client/dev/report-hmr-latency.js:13
[  134191ms] [LOG] [Fast Refresh] rebuilding @ webpack-internal:///(app-pages-browser)/./node_modules/next/dist/client/dev/hot-reloader/app/hot-reloader-app.js:196
[  134233ms] [LOG] [Fast Refresh] done in 43ms @ webpack-internal:///(app-pages-browser)/./node_modules/next/dist/client/dev/report-hmr-latency.js:13
[  134493ms] [LOG] [Fast Refresh] rebuilding @ webpack-internal:///(app-pages-browser)/./node_modules/next/dist/client/dev/hot-reloader/app/hot-reloader-app.js:196
[  134580ms] [LOG] [Fast Refresh] done in 87ms @ webpack-internal:///(app-pages-browser)/./node_modules/next/dist/client/dev/report-hmr-latency.js:13
[  134817ms] [LOG] [Fast Refresh] rebuilding @ webpack-internal:///(app-pages-browser)/./node_modules/next/dist/client/dev/hot-reloader/app/hot-reloader-app.js:196
[  134887ms] [LOG] [Fast Refresh] done in 70ms @ webpack-internal:///(app-pages-browser)/./node_modules/next/dist/client/dev/report-hmr-latency.js:13
[  135901ms] [LOG] [Fast Refresh] rebuilding @ webpack-internal:///(app-pages-browser)/./node_modules/next/dist/client/dev/hot-reloader/app/hot-reloader-app.js:196
[  135959ms] [LOG] [Fast Refresh] done in 58ms @ webpack-internal:///(app-pages-browser)/./node_modules/next/dist/client/dev/report-hmr-latency.js:13
[  136263ms] [LOG] [Fast Refresh] rebuilding @ webpack-internal:///(app-pages-browser)/./node_modules/next/dist/client/dev/hot-reloader/app/hot-reloader-app.js:196
[  136326ms] [LOG] [Fast Refresh] done in 63ms @ webpack-internal:///(app-pages-browser)/./node_modules/next/dist/client/dev/report-hmr-latency.js:13
[  136646ms] [LOG] [Fast Refresh] rebuilding @ webpack-internal:///(app-pages-browser)/./node_modules/next/dist/client/dev/hot-reloader/app/hot-reloader-app.js:196
[  136700ms] [LOG] [Fast Refresh] done in 54ms @ webpack-internal:///(app-pages-browser)/./node_modules/next/dist/client/dev/report-hmr-latency.js:13
[  136951ms] [LOG] [Fast Refresh] rebuilding @ webpack-internal:///(app-pages-browser)/./node_modules/next/dist/client/dev/hot-reloader/app/hot-reloader-app.js:196
[  136994ms] [LOG] [Fast Refresh] done in 42ms @ webpack-internal:///(app-pages-browser)/./node_modules/next/dist/client/dev/report-hmr-latency.js:13
[  137249ms] [LOG] [Fast Refresh] rebuilding @ webpack-internal:///(app-pages-browser)/./node_modules/next/dist/client/dev/hot-reloader/app/hot-reloader-app.js:196
[  137317ms] [LOG] [Fast Refresh] done in 69ms @ webpack-internal:///(app-pages-browser)/./node_modules/next/dist/client/dev/report-hmr-latency.js:13
[  138403ms] [LOG] [Fast Refresh] rebuilding @ webpack-internal:///(app-pages-browser)/./node_modules/next/dist/client/dev/hot-reloader/app/hot-reloader-app.js:196
[  138466ms] [LOG] [Fast Refresh] done in 62ms @ webpack-internal:///(app-pages-browser)/./node_modules/next/dist/client/dev/report-hmr-latency.js:13
[  138802ms] [LOG] [Fast Refresh] rebuilding @ webpack-internal:///(app-pages-browser)/./node_modules/next/dist/client/dev/hot-reloader/app/hot-reloader-app.js:196
[  138871ms] [LOG] [Fast Refresh] done in 68ms @ webpack-internal:///(app-pages-browser)/./node_modules/next/dist/client/dev/report-hmr-latency.js:13
[  139237ms] [LOG] [Fast Refresh] rebuilding @ webpack-internal:///(app-pages-browser)/./node_modules/next/dist/client/dev/hot-reloader/app/hot-reloader-app.js:196
[  139344ms] [LOG] [Fast Refresh] done in 107ms @ webpack-internal:///(app-pages-browser)/./node_modules/next/dist/client/dev/report-hmr-latency.js:13
[  139625ms] [LOG] [Fast Refresh] rebuilding @ webpack-internal:///(app-pages-browser)/./node_modules/next/dist/client/dev/hot-reloader/app/hot-reloader-app.js:196
[  139684ms] [LOG] [Fast Refresh] done in 59ms @ webpack-internal:///(app-pages-browser)/./node_modules/next/dist/client/dev/report-hmr-latency.js:13
[  139997ms] [LOG] [Fast Refresh] rebuilding @ webpack-internal:///(app-pages-browser)/./node_modules/next/dist/client/dev/hot-reloader/app/hot-reloader-app.js:196
[  140049ms] [LOG] [Fast Refresh] done in 51ms @ webpack-internal:///(app-pages-browser)/./node_modules/next/dist/client/dev/report-hmr-latency.js:13
[  141101ms] [LOG] [Fast Refresh] rebuilding @ webpack-internal:///(app-pages-browser)/./node_modules/next/dist/client/dev/hot-reloader/app/hot-reloader-app.js:196
[  141165ms] [LOG] [Fast Refresh] done in 63ms @ webpack-internal:///(app-pages-browser)/./node_modules/next/dist/client/dev/report-hmr-latency.js:13
[  141479ms] [LOG] [Fast Refresh] rebuilding @ webpack-internal:///(app-pages-browser)/./node_modules/next/dist/client/dev/hot-reloader/app/hot-reloader-app.js:196
[  141548ms] [LOG] [Fast Refresh] done in 69ms @ webpack-internal:///(app-pages-browser)/./node_modules/next/dist/client/dev/report-hmr-latency.js:13
[  141848ms] [LOG] [Fast Refresh] rebuilding @ webpack-internal:///(app-pages-browser)/./node_modules/next/dist/client/dev/hot-reloader/app/hot-reloader-app.js:196
[  141926ms] [LOG] [Fast Refresh] done in 77ms @ webpack-internal:///(app-pages-browser)/./node_modules/next/dist/client/dev/report-hmr-latency.js:13
[  142219ms] [LOG] [Fast Refresh] rebuilding @ webpack-internal:///(app-pages-browser)/./node_modules/next/dist/client/dev/hot-reloader/app/hot-reloader-app.js:196
[  142292ms] [LOG] [Fast Refresh] done in 74ms @ webpack-internal:///(app-pages-browser)/./node_modules/next/dist/client/dev/report-hmr-latency.js:13
[  142512ms] [LOG] [Fast Refresh] rebuilding @ webpack-internal:///(app-pages-browser)/./node_modules/next/dist/client/dev/hot-reloader/app/hot-reloader-app.js:196
[  142572ms] [LOG] [Fast Refresh] done in 61ms @ webpack-internal:///(app-pages-browser)/./node_modules/next/dist/client/dev/report-hmr-latency.js:13
[  143659ms] [LOG] [Fast Refresh] rebuilding @ webpack-internal:///(app-pages-browser)/./node_modules/next/dist/client/dev/hot-reloader/app/hot-reloader-app.js:196
[  143751ms] [LOG] [Fast Refresh] done in 92ms @ webpack-internal:///(app-pages-browser)/./node_modules/next/dist/client/dev/report-hmr-latency.js:13
[  144040ms] [LOG] [Fast Refresh] rebuilding @ webpack-internal:///(app-pages-browser)/./node_modules/next/dist/client/dev/hot-reloader/app/hot-reloader-app.js:196
[  144124ms] [LOG] [Fast Refresh] done in 84ms @ webpack-internal:///(app-pages-browser)/./node_modules/next/dist/client/dev/report-hmr-latency.js:13
[  144394ms] [LOG] [Fast Refresh] rebuilding @ webpack-internal:///(app-pages-browser)/./node_modules/next/dist/client/dev/hot-reloader/app/hot-reloader-app.js:196
[  144488ms] [LOG] [Fast Refresh] done in 94ms @ webpack-internal:///(app-pages-browser)/./node_modules/next/dist/client/dev/report-hmr-latency.js:13
[  144692ms] [LOG] [Fast Refresh] rebuilding @ webpack-internal:///(app-pages-browser)/./node_modules/next/dist/client/dev/hot-reloader/app/hot-reloader-app.js:196
[  144745ms] [LOG] [Fast Refresh] done in 53ms @ webpack-internal:///(app-pages-browser)/./node_modules/next/dist/client/dev/report-hmr-latency.js:13
[  144983ms] [LOG] [Fast Refresh] rebuilding @ webpack-internal:///(app-pages-browser)/./node_modules/next/dist/client/dev/hot-reloader/app/hot-reloader-app.js:196
[  145038ms] [LOG] [Fast Refresh] done in 56ms @ webpack-internal:///(app-pages-browser)/./node_modules/next/dist/client/dev/report-hmr-latency.js:13
[  145289ms] [LOG] [Fast Refresh] rebuilding @ webpack-internal:///(app-pages-browser)/./node_modules/next/dist/client/dev/hot-reloader/app/hot-reloader-app.js:196
[  145401ms] [LOG] [Fast Refresh] done in 112ms @ webpack-internal:///(app-pages-browser)/./node_modules/next/dist/client/dev/report-hmr-latency.js:13
[  146400ms] [LOG] [Fast Refresh] rebuilding @ webpack-internal:///(app-pages-browser)/./node_modules/next/dist/client/dev/hot-reloader/app/hot-reloader-app.js:196
[  146503ms] [LOG] [Fast Refresh] done in 103ms @ webpack-internal:///(app-pages-browser)/./node_modules/next/dist/client/dev/report-hmr-latency.js:13
[  146790ms] [LOG] [Fast Refresh] rebuilding @ webpack-internal:///(app-pages-browser)/./node_modules/next/dist/client/dev/hot-reloader/app/hot-reloader-app.js:196
[  146852ms] [LOG] [Fast Refresh] done in 62ms @ webpack-internal:///(app-pages-browser)/./node_modules/next/dist/client/dev/report-hmr-latency.js:13
[  147147ms] [LOG] [Fast Refresh] rebuilding @ webpack-internal:///(app-pages-browser)/./node_modules/next/dist/client/dev/hot-reloader/app/hot-reloader-app.js:196
[  147204ms] [LOG] [Fast Refresh] done in 56ms @ webpack-internal:///(app-pages-browser)/./node_modules/next/dist/client/dev/report-hmr-latency.js:13
[  147408ms] [LOG] [Fast Refresh] rebuilding @ webpack-internal:///(app-pages-browser)/./node_modules/next/dist/client/dev/hot-reloader/app/hot-reloader-app.js:196
[  147497ms] [LOG] [Fast Refresh] done in 89ms @ webpack-internal:///(app-pages-browser)/./node_modules/next/dist/client/dev/report-hmr-latency.js:13
[  147691ms] [LOG] [Fast Refresh] rebuilding @ webpack-internal:///(app-pages-browser)/./node_modules/next/dist/client/dev/hot-reloader/app/hot-reloader-app.js:196
[  147785ms] [LOG] [Fast Refresh] done in 94ms @ webpack-internal:///(app-pages-browser)/./node_modules/next/dist/client/dev/report-hmr-latency.js:13
[  148934ms] [LOG] [Fast Refresh] rebuilding @ webpack-internal:///(app-pages-browser)/./node_modules/next/dist/client/dev/hot-reloader/app/hot-reloader-app.js:196
[  149085ms] [LOG] [Fast Refresh] done in 152ms @ webpack-internal:///(app-pages-browser)/./node_modules/next/dist/client/dev/report-hmr-latency.js:13
[  149467ms] [LOG] [Fast Refresh] rebuilding @ webpack-internal:///(app-pages-browser)/./node_modules/next/dist/client/dev/hot-reloader/app/hot-reloader-app.js:196
[  149736ms] [LOG] [Fast Refresh] done in 269ms @ webpack-internal:///(app-pages-browser)/./node_modules/next/dist/client/dev/report-hmr-latency.js:13
[  149913ms] [LOG] [Fast Refresh] rebuilding @ webpack-internal:///(app-pages-browser)/./node_modules/next/dist/client/dev/hot-reloader/app/hot-reloader-app.js:196
[  149994ms] [LOG] [Fast Refresh] done in 81ms @ webpack-internal:///(app-pages-browser)/./node_modules/next/dist/client/dev/report-hmr-latency.js:13
[  150277ms] [LOG] [Fast Refresh] rebuilding @ webpack-internal:///(app-pages-browser)/./node_modules/next/dist/client/dev/hot-reloader/app/hot-reloader-app.js:196
[  150342ms] [LOG] [Fast Refresh] done in 65ms @ webpack-internal:///(app-pages-browser)/./node_modules/next/dist/client/dev/report-hmr-latency.js:13
[  150597ms] [LOG] [Fast Refresh] rebuilding @ webpack-internal:///(app-pages-browser)/./node_modules/next/dist/client/dev/hot-reloader/app/hot-reloader-app.js:196
[  150674ms] [LOG] [Fast Refresh] done in 78ms @ webpack-internal:///(app-pages-browser)/./node_modules/next/dist/client/dev/report-hmr-latency.js:13
[  151073ms] [LOG] [Fast Refresh] rebuilding @ webpack-internal:///(app-pages-browser)/./node_modules/next/dist/client/dev/hot-reloader/app/hot-reloader-app.js:196
[  152172ms] [LOG] [Fast Refresh] done in 1098ms @ webpack-internal:///(app-pages-browser)/./node_modules/next/dist/client/dev/report-hmr-latency.js:13
[  153349ms] [LOG] [Fast Refresh] rebuilding @ webpack-internal:///(app-pages-browser)/./node_modules/next/dist/client/dev/hot-reloader/app/hot-reloader-app.js:196
[  153512ms] [LOG] [Fast Refresh] done in 163ms @ webpack-internal:///(app-pages-browser)/./node_modules/next/dist/client/dev/report-hmr-latency.js:13
[  153942ms] [LOG] [Fast Refresh] rebuilding @ webpack-internal:///(app-pages-browser)/./node_modules/next/dist/client/dev/hot-reloader/app/hot-reloader-app.js:196
[  154044ms] [LOG] [Fast Refresh] done in 102ms @ webpack-internal:///(app-pages-browser)/./node_modules/next/dist/client/dev/report-hmr-latency.js:13
[  154594ms] [LOG] [Fast Refresh] rebuilding @ webpack-internal:///(app-pages-browser)/./node_modules/next/dist/client/dev/hot-reloader/app/hot-reloader-app.js:196
[  154716ms] [LOG] [Fast Refresh] done in 121ms @ webpack-internal:///(app-pages-browser)/./node_modules/next/dist/client/dev/report-hmr-latency.js:13
[  154951ms] [LOG] [Fast Refresh] rebuilding @ webpack-internal:///(app-pages-browser)/./node_modules/next/dist/client/dev/hot-reloader/app/hot-reloader-app.js:196
[  155007ms] [LOG] [Fast Refresh] done in 56ms @ webpack-internal:///(app-pages-browser)/./node_modules/next/dist/client/dev/report-hmr-latency.js:13
[  155331ms] [LOG] [Fast Refresh] rebuilding @ webpack-internal:///(app-pages-browser)/./node_modules/next/dist/client/dev/hot-reloader/app/hot-reloader-app.js:196
[  155472ms] [LOG] [Fast Refresh] done in 141ms @ webpack-internal:///(app-pages-browser)/./node_modules/next/dist/client/dev/report-hmr-latency.js:13
[  157173ms] [LOG] [Fast Refresh] rebuilding @ webpack-internal:///(app-pages-browser)/./node_modules/next/dist/client/dev/hot-reloader/app/hot-reloader-app.js:196
[  157311ms] [LOG] [Fast Refresh] done in 137ms @ webpack-internal:///(app-pages-browser)/./node_modules/next/dist/client/dev/report-hmr-latency.js:13
[  157797ms] [LOG] [Fast Refresh] rebuilding @ webpack-internal:///(app-pages-browser)/./node_modules/next/dist/client/dev/hot-reloader/app/hot-reloader-app.js:196
[  157915ms] [LOG] [Fast Refresh] done in 118ms @ webpack-internal:///(app-pages-browser)/./node_modules/next/dist/client/dev/report-hmr-latency.js:13
[  158227ms] [LOG] [Fast Refresh] rebuilding @ webpack-internal:///(app-pages-browser)/./node_modules/next/dist/client/dev/hot-reloader/app/hot-reloader-app.js:196
[  158382ms] [LOG] [Fast Refresh] done in 155ms @ webpack-internal:///(app-pages-browser)/./node_modules/next/dist/client/dev/report-hmr-latency.js:13
[  158732ms] [LOG] [Fast Refresh] rebuilding @ webpack-internal:///(app-pages-browser)/./node_modules/next/dist/client/dev/hot-reloader/app/hot-reloader-app.js:196
[  158822ms] [LOG] [Fast Refresh] done in 89ms @ webpack-internal:///(app-pages-browser)/./node_modules/next/dist/client/dev/report-hmr-latency.js:13
[  159114ms] [LOG] [Fast Refresh] rebuilding @ webpack-internal:///(app-pages-browser)/./node_modules/next/dist/client/dev/hot-reloader/app/hot-reloader-app.js:196
[  159195ms] [LOG] [Fast Refresh] done in 80ms @ webpack-internal:///(app-pages-browser)/./node_modules/next/dist/client/dev/report-hmr-latency.js:13
[  159538ms] [LOG] [Fast Refresh] rebuilding @ webpack-internal:///(app-pages-browser)/./node_modules/next/dist/client/dev/hot-reloader/app/hot-reloader-app.js:196
[  161055ms] [LOG] [Fast Refresh] done in 1517ms @ webpack-internal:///(app-pages-browser)/./node_modules/next/dist/client/dev/report-hmr-latency.js:13
[  162031ms] [LOG] [Fast Refresh] rebuilding @ webpack-internal:///(app-pages-browser)/./node_modules/next/dist/client/dev/hot-reloader/app/hot-reloader-app.js:196
[  162268ms] [LOG] [Fast Refresh] done in 238ms @ webpack-internal:///(app-pages-browser)/./node_modules/next/dist/client/dev/report-hmr-latency.js:13
[  162820ms] [LOG] [Fast Refresh] rebuilding @ webpack-internal:///(app-pages-browser)/./node_modules/next/dist/client/dev/hot-reloader/app/hot-reloader-app.js:196
[  162992ms] [LOG] [Fast Refresh] done in 172ms @ webpack-internal:///(app-pages-browser)/./node_modules/next/dist/client/dev/report-hmr-latency.js:13
[  163341ms] [LOG] [Fast Refresh] rebuilding @ webpack-internal:///(app-pages-browser)/./node_modules/next/dist/client/dev/hot-reloader/app/hot-reloader-app.js:196
[  163570ms] [LOG] [Fast Refresh] done in 228ms @ webpack-internal:///(app-pages-browser)/./node_modules/next/dist/client/dev/report-hmr-latency.js:13
[  164365ms] [LOG] [Fast Refresh] rebuilding @ webpack-internal:///(app-pages-browser)/./node_modules/next/dist/client/dev/hot-reloader/app/hot-reloader-app.js:196
[  164581ms] [LOG] [Fast Refresh] done in 215ms @ webpack-internal:///(app-pages-browser)/./node_modules/next/dist/client/dev/report-hmr-latency.js:13
[  164964ms] [LOG] [Fast Refresh] done in 598ms @ webpack-internal:///(app-pages-browser)/./node_modules/next/dist/client/dev/report-hmr-latency.js:13
[  164969ms] [LOG] [Fast Refresh] rebuilding @ webpack-internal:///(app-pages-browser)/./node_modules/next/dist/client/dev/hot-reloader/app/hot-reloader-app.js:196
[  167029ms] [LOG] [Fast Refresh] rebuilding @ webpack-internal:///(app-pages-browser)/./node_modules/next/dist/client/dev/hot-reloader/app/hot-reloader-app.js:196
[  167116ms] [LOG] [Fast Refresh] done in 87ms @ webpack-internal:///(app-pages-browser)/./node_modules/next/dist/client/dev/report-hmr-latency.js:13
[  167450ms] [LOG] [Fast Refresh] rebuilding @ webpack-internal:///(app-pages-browser)/./node_modules/next/dist/client/dev/hot-reloader/app/hot-reloader-app.js:196
[  167628ms] [LOG] [Fast Refresh] done in 178ms @ webpack-internal:///(app-pages-browser)/./node_modules/next/dist/client/dev/report-hmr-latency.js:13
[  167968ms] [LOG] [Fast Refresh] rebuilding @ webpack-internal:///(app-pages-browser)/./node_modules/next/dist/client/dev/hot-reloader/app/hot-reloader-app.js:196
[  168072ms] [LOG] [Fast Refresh] done in 104ms @ webpack-internal:///(app-pages-browser)/./node_modules/next/dist/client/dev/report-hmr-latency.js:13
[  168493ms] [LOG] [Fast Refresh] rebuilding @ webpack-internal:///(app-pages-browser)/./node_modules/next/dist/client/dev/hot-reloader/app/hot-reloader-app.js:196
[  168787ms] [LOG] [Fast Refresh] done in 293ms @ webpack-internal:///(app-pages-browser)/./node_modules/next/dist/client/dev/report-hmr-latency.js:13
[  169014ms] [LOG] [Fast Refresh] rebuilding @ webpack-internal:///(app-pages-browser)/./node_modules/next/dist/client/dev/hot-reloader/app/hot-reloader-app.js:196
[  169147ms] [LOG] [Fast Refresh] done in 133ms @ webpack-internal:///(app-pages-browser)/./node_modules/next/dist/client/dev/report-hmr-latency.js:13
[  169492ms] [LOG] [Fast Refresh] rebuilding @ webpack-internal:///(app-pages-browser)/./node_modules/next/dist/client/dev/hot-reloader/app/hot-reloader-app.js:196
[  169550ms] [LOG] [Fast Refresh] done in 58ms @ webpack-internal:///(app-pages-browser)/./node_modules/next/dist/client/dev/report-hmr-latency.js:13
[  169835ms] [LOG] [Fast Refresh] rebuilding @ webpack-internal:///(app-pages-browser)/./node_modules/next/dist/client/dev/hot-reloader/app/hot-reloader-app.js:196
[  169910ms] [LOG] [Fast Refresh] done in 75ms @ webpack-internal:///(app-pages-browser)/./node_modules/next/dist/client/dev/report-hmr-latency.js:13
[  170173ms] [LOG] [Fast Refresh] rebuilding @ webpack-internal:///(app-pages-browser)/./node_modules/next/dist/client/dev/hot-reloader/app/hot-reloader-app.js:196
[  170287ms] [LOG] [Fast Refresh] done in 114ms @ webpack-internal:///(app-pages-browser)/./node_modules/next/dist/client/dev/report-hmr-latency.js:13
[  170510ms] [LOG] [Fast Refresh] rebuilding @ webpack-internal:///(app-pages-browser)/./node_modules/next/dist/client/dev/hot-reloader/app/hot-reloader-app.js:196
[  170548ms] [LOG] [Fast Refresh] done in 37ms @ webpack-internal:///(app-pages-browser)/./node_modules/next/dist/client/dev/report-hmr-latency.js:13
[  170798ms] [LOG] [Fast Refresh] rebuilding @ webpack-internal:///(app-pages-browser)/./node_modules/next/dist/client/dev/hot-reloader/app/hot-reloader-app.js:196
[  170853ms] [LOG] [Fast Refresh] done in 54ms @ webpack-internal:///(app-pages-browser)/./node_modules/next/dist/client/dev/report-hmr-latency.js:13
[  171129ms] [LOG] [Fast Refresh] rebuilding @ webpack-internal:///(app-pages-browser)/./node_modules/next/dist/client/dev/hot-reloader/app/hot-reloader-app.js:196
[  171192ms] [LOG] [Fast Refresh] done in 64ms @ webpack-internal:///(app-pages-browser)/./node_modules/next/dist/client/dev/report-hmr-latency.js:13
[  171466ms] [LOG] [Fast Refresh] rebuilding @ webpack-internal:///(app-pages-browser)/./node_modules/next/dist/client/dev/hot-reloader/app/hot-reloader-app.js:196
[  171545ms] [LOG] [Fast Refresh] done in 79ms @ webpack-internal:///(app-pages-browser)/./node_modules/next/dist/client/dev/report-hmr-latency.js:13
[  171771ms] [LOG] [Fast Refresh] rebuilding @ webpack-internal:///(app-pages-browser)/./node_modules/next/dist/client/dev/hot-reloader/app/hot-reloader-app.js:196
[  171837ms] [LOG] [Fast Refresh] done in 65ms @ webpack-internal:///(app-pages-browser)/./node_modules/next/dist/client/dev/report-hmr-latency.js:13
[  172095ms] [LOG] [Fast Refresh] rebuilding @ webpack-internal:///(app-pages-browser)/./node_modules/next/dist/client/dev/hot-reloader/app/hot-reloader-app.js:196
[  172155ms] [LOG] [Fast Refresh] done in 60ms @ webpack-internal:///(app-pages-browser)/./node_modules/next/dist/client/dev/report-hmr-latency.js:13
[  172399ms] [LOG] [Fast Refresh] rebuilding @ webpack-internal:///(app-pages-browser)/./node_modules/next/dist/client/dev/hot-reloader/app/hot-reloader-app.js:196
[  172467ms] [LOG] [Fast Refresh] done in 68ms @ webpack-internal:///(app-pages-browser)/./node_modules/next/dist/client/dev/report-hmr-latency.js:13
[  172732ms] [LOG] [Fast Refresh] rebuilding @ webpack-internal:///(app-pages-browser)/./node_modules/next/dist/client/dev/hot-reloader/app/hot-reloader-app.js:196
[  172811ms] [LOG] [Fast Refresh] done in 79ms @ webpack-internal:///(app-pages-browser)/./node_modules/next/dist/client/dev/report-hmr-latency.js:13
[  173028ms] [LOG] [Fast Refresh] rebuilding @ webpack-internal:///(app-pages-browser)/./node_modules/next/dist/client/dev/hot-reloader/app/hot-reloader-app.js:196
[  173061ms] [LOG] [Fast Refresh] done in 34ms @ webpack-internal:///(app-pages-browser)/./node_modules/next/dist/client/dev/report-hmr-latency.js:13
[  173354ms] [LOG] [Fast Refresh] rebuilding @ webpack-internal:///(app-pages-browser)/./node_modules/next/dist/client/dev/hot-reloader/app/hot-reloader-app.js:196
[  173615ms] [LOG] [Fast Refresh] done in 261ms @ webpack-internal:///(app-pages-browser)/./node_modules/next/dist/client/dev/report-hmr-latency.js:13
[  173759ms] [LOG] [Fast Refresh] rebuilding @ webpack-internal:///(app-pages-browser)/./node_modules/next/dist/client/dev/hot-reloader/app/hot-reloader-app.js:196
[  173817ms] [LOG] [Fast Refresh] done in 59ms @ webpack-internal:///(app-pages-browser)/./node_modules/next/dist/client/dev/report-hmr-latency.js:13
[  174117ms] [LOG] [Fast Refresh] rebuilding @ webpack-internal:///(app-pages-browser)/./node_modules/next/dist/client/dev/hot-reloader/app/hot-reloader-app.js:196
[  174151ms] [LOG] [Fast Refresh] done in 35ms @ webpack-internal:///(app-pages-browser)/./node_modules/next/dist/client/dev/report-hmr-latency.js:13
[  174435ms] [LOG] [Fast Refresh] rebuilding @ webpack-internal:///(app-pages-browser)/./node_modules/next/dist/client/dev/hot-reloader/app/hot-reloader-app.js:196
[  174477ms] [LOG] [Fast Refresh] done in 41ms @ webpack-internal:///(app-pages-browser)/./node_modules/next/dist/client/dev/report-hmr-latency.js:13
[  174740ms] [LOG] [Fast Refresh] rebuilding @ webpack-internal:///(app-pages-browser)/./node_modules/next/dist/client/dev/hot-reloader/app/hot-reloader-app.js:196
[  174792ms] [LOG] [Fast Refresh] done in 51ms @ webpack-internal:///(app-pages-browser)/./node_modules/next/dist/client/dev/report-hmr-latency.js:13
[  175028ms] [LOG] [Fast Refresh] rebuilding @ webpack-internal:///(app-pages-browser)/./node_modules/next/dist/client/dev/hot-reloader/app/hot-reloader-app.js:196
[  175063ms] [LOG] [Fast Refresh] done in 35ms @ webpack-internal:///(app-pages-browser)/./node_modules/next/dist/client/dev/report-hmr-latency.js:13
[  175302ms] [LOG] [Fast Refresh] rebuilding @ webpack-internal:///(app-pages-browser)/./node_modules/next/dist/client/dev/hot-reloader/app/hot-reloader-app.js:196
[  175363ms] [LOG] [Fast Refresh] done in 60ms @ webpack-internal:///(app-pages-browser)/./node_modules/next/dist/client/dev/report-hmr-latency.js:13
[  175614ms] [LOG] [Fast Refresh] rebuilding @ webpack-internal:///(app-pages-browser)/./node_modules/next/dist/client/dev/hot-reloader/app/hot-reloader-app.js:196
[  175641ms] [LOG] [Fast Refresh] done in 28ms @ webpack-internal:///(app-pages-browser)/./node_modules/next/dist/client/dev/report-hmr-latency.js:13
[  175903ms] [LOG] [Fast Refresh] rebuilding @ webpack-internal:///(app-pages-browser)/./node_modules/next/dist/client/dev/hot-reloader/app/hot-reloader-app.js:196
[  175934ms] [LOG] [Fast Refresh] done in 30ms @ webpack-internal:///(app-pages-browser)/./node_modules/next/dist/client/dev/report-hmr-latency.js:13
[  176171ms] [LOG] [Fast Refresh] rebuilding @ webpack-internal:///(app-pages-browser)/./node_modules/next/dist/client/dev/hot-reloader/app/hot-reloader-app.js:196
[  176196ms] [LOG] [Fast Refresh] done in 25ms @ webpack-internal:///(app-pages-browser)/./node_modules/next/dist/client/dev/report-hmr-latency.js:13
[  176439ms] [LOG] [Fast Refresh] rebuilding @ webpack-internal:///(app-pages-browser)/./node_modules/next/dist/client/dev/hot-reloader/app/hot-reloader-app.js:196
[  176477ms] [LOG] [Fast Refresh] done in 37ms @ webpack-internal:///(app-pages-browser)/./node_modules/next/dist/client/dev/report-hmr-latency.js:13
[  176750ms] [LOG] [Fast Refresh] rebuilding @ webpack-internal:///(app-pages-browser)/./node_modules/next/dist/client/dev/hot-reloader/app/hot-reloader-app.js:196
[  176799ms] [LOG] [Fast Refresh] done in 48ms @ webpack-internal:///(app-pages-browser)/./node_modules/next/dist/client/dev/report-hmr-latency.js:13
[  177054ms] [LOG] [Fast Refresh] rebuilding @ webpack-internal:///(app-pages-browser)/./node_modules/next/dist/client/dev/hot-reloader/app/hot-reloader-app.js:196
[  177093ms] [LOG] [Fast Refresh] done in 40ms @ webpack-internal:///(app-pages-browser)/./node_modules/next/dist/client/dev/report-hmr-latency.js:13
[  177336ms] [LOG] [Fast Refresh] rebuilding @ webpack-internal:///(app-pages-browser)/./node_modules/next/dist/client/dev/hot-reloader/app/hot-reloader-app.js:196
[  177391ms] [LOG] [Fast Refresh] done in 55ms @ webpack-internal:///(app-pages-browser)/./node_modules/next/dist/client/dev/report-hmr-latency.js:13
[  177634ms] [LOG] [Fast Refresh] rebuilding @ webpack-internal:///(app-pages-browser)/./node_modules/next/dist/client/dev/hot-reloader/app/hot-reloader-app.js:196
[  177689ms] [LOG] [Fast Refresh] done in 55ms @ webpack-internal:///(app-pages-browser)/./node_modules/next/dist/client/dev/report-hmr-latency.js:13
[  177913ms] [LOG] [Fast Refresh] rebuilding @ webpack-internal:///(app-pages-browser)/./node_modules/next/dist/client/dev/hot-reloader/app/hot-reloader-app.js:196
[  177945ms] [LOG] [Fast Refresh] done in 33ms @ webpack-internal:///(app-pages-browser)/./node_modules/next/dist/client/dev/report-hmr-latency.js:13
[  178201ms] [LOG] [Fast Refresh] rebuilding @ webpack-internal:///(app-pages-browser)/./node_modules/next/dist/client/dev/hot-reloader/app/hot-reloader-app.js:196
[  178273ms] [LOG] [Fast Refresh] done in 72ms @ webpack-internal:///(app-pages-browser)/./node_modules/next/dist/client/dev/report-hmr-latency.js:13
[  178524ms] [LOG] [Fast Refresh] rebuilding @ webpack-internal:///(app-pages-browser)/./node_modules/next/dist/client/dev/hot-reloader/app/hot-reloader-app.js:196
[  178580ms] [LOG] [Fast Refresh] done in 56ms @ webpack-internal:///(app-pages-browser)/./node_modules/next/dist/client/dev/report-hmr-latency.js:13
[  178885ms] [LOG] [Fast Refresh] rebuilding @ webpack-internal:///(app-pages-browser)/./node_modules/next/dist/client/dev/hot-reloader/app/hot-reloader-app.js:196
[  178930ms] [LOG] [Fast Refresh] done in 45ms @ webpack-internal:///(app-pages-browser)/./node_modules/next/dist/client/dev/report-hmr-latency.js:13
[  179220ms] [LOG] [Fast Refresh] rebuilding @ webpack-internal:///(app-pages-browser)/./node_modules/next/dist/client/dev/hot-reloader/app/hot-reloader-app.js:196
[  179259ms] [LOG] [Fast Refresh] done in 38ms @ webpack-internal:///(app-pages-browser)/./node_modules/next/dist/client/dev/report-hmr-latency.js:13
[  179522ms] [LOG] [Fast Refresh] rebuilding @ webpack-internal:///(app-pages-browser)/./node_modules/next/dist/client/dev/hot-reloader/app/hot-reloader-app.js:196
[  179595ms] [LOG] [Fast Refresh] done in 74ms @ webpack-internal:///(app-pages-browser)/./node_modules/next/dist/client/dev/report-hmr-latency.js:13
[  179824ms] [LOG] [Fast Refresh] rebuilding @ webpack-internal:///(app-pages-browser)/./node_modules/next/dist/client/dev/hot-reloader/app/hot-reloader-app.js:196
[  179895ms] [LOG] [Fast Refresh] done in 71ms @ webpack-internal:///(app-pages-browser)/./node_modules/next/dist/client/dev/report-hmr-latency.js:13
[  180119ms] [LOG] [Fast Refresh] rebuilding @ webpack-internal:///(app-pages-browser)/./node_modules/next/dist/client/dev/hot-reloader/app/hot-reloader-app.js:196
[  180144ms] [LOG] [Fast Refresh] done in 26ms @ webpack-internal:///(app-pages-browser)/./node_modules/next/dist/client/dev/report-hmr-latency.js:13
[  180399ms] [LOG] [Fast Refresh] rebuilding @ webpack-internal:///(app-pages-browser)/./node_modules/next/dist/client/dev/hot-reloader/app/hot-reloader-app.js:196
[  180437ms] [LOG] [Fast Refresh] done in 38ms @ webpack-internal:///(app-pages-browser)/./node_modules/next/dist/client/dev/report-hmr-latency.js:13
[  180664ms] [LOG] [Fast Refresh] rebuilding @ webpack-internal:///(app-pages-browser)/./node_modules/next/dist/client/dev/hot-reloader/app/hot-reloader-app.js:196
[  180739ms] [LOG] [Fast Refresh] done in 76ms @ webpack-internal:///(app-pages-browser)/./node_modules/next/dist/client/dev/report-hmr-latency.js:13
[  180967ms] [LOG] [Fast Refresh] rebuilding @ webpack-internal:///(app-pages-browser)/./node_modules/next/dist/client/dev/hot-reloader/app/hot-reloader-app.js:196
[  181015ms] [LOG] [Fast Refresh] done in 48ms @ webpack-internal:///(app-pages-browser)/./node_modules/next/dist/client/dev/report-hmr-latency.js:13
[  181296ms] [LOG] [Fast Refresh] rebuilding @ webpack-internal:///(app-pages-browser)/./node_modules/next/dist/client/dev/hot-reloader/app/hot-reloader-app.js:196
[  181346ms] [LOG] [Fast Refresh] done in 51ms @ webpack-internal:///(app-pages-browser)/./node_modules/next/dist/client/dev/report-hmr-latency.js:13
[  181595ms] [LOG] [Fast Refresh] rebuilding @ webpack-internal:///(app-pages-browser)/./node_modules/next/dist/client/dev/hot-reloader/app/hot-reloader-app.js:196
[  181659ms] [LOG] [Fast Refresh] done in 64ms @ webpack-internal:///(app-pages-browser)/./node_modules/next/dist/client/dev/report-hmr-latency.js:13
[  181925ms] [LOG] [Fast Refresh] rebuilding @ webpack-internal:///(app-pages-browser)/./node_modules/next/dist/client/dev/hot-reloader/app/hot-reloader-app.js:196
[  181966ms] [LOG] [Fast Refresh] done in 42ms @ webpack-internal:///(app-pages-browser)/./node_modules/next/dist/client/dev/report-hmr-latency.js:13
[  182221ms] [LOG] [Fast Refresh] rebuilding @ webpack-internal:///(app-pages-browser)/./node_modules/next/dist/client/dev/hot-reloader/app/hot-reloader-app.js:196
[  182252ms] [LOG] [Fast Refresh] done in 31ms @ webpack-internal:///(app-pages-browser)/./node_modules/next/dist/client/dev/report-hmr-latency.js:13
[  182507ms] [LOG] [Fast Refresh] rebuilding @ webpack-internal:///(app-pages-browser)/./node_modules/next/dist/client/dev/hot-reloader/app/hot-reloader-app.js:196
[  182588ms] [LOG] [Fast Refresh] done in 82ms @ webpack-internal:///(app-pages-browser)/./node_modules/next/dist/client/dev/report-hmr-latency.js:13
[  182787ms] [LOG] [Fast Refresh] rebuilding @ webpack-internal:///(app-pages-browser)/./node_modules/next/dist/client/dev/hot-reloader/app/hot-reloader-app.js:196
[  182843ms] [LOG] [Fast Refresh] done in 57ms @ webpack-internal:///(app-pages-browser)/./node_modules/next/dist/client/dev/report-hmr-latency.js:13
[  183085ms] [LOG] [Fast Refresh] rebuilding @ webpack-internal:///(app-pages-browser)/./node_modules/next/dist/client/dev/hot-reloader/app/hot-reloader-app.js:196
[  183154ms] [LOG] [Fast Refresh] done in 68ms @ webpack-internal:///(app-pages-browser)/./node_modules/next/dist/client/dev/report-hmr-latency.js:13
[  183386ms] [LOG] [Fast Refresh] rebuilding @ webpack-internal:///(app-pages-browser)/./node_modules/next/dist/client/dev/hot-reloader/app/hot-reloader-app.js:196
[  183420ms] [LOG] [Fast Refresh] done in 34ms @ webpack-internal:///(app-pages-browser)/./node_modules/next/dist/client/dev/report-hmr-latency.js:13
[  183746ms] [LOG] [Fast Refresh] rebuilding @ webpack-internal:///(app-pages-browser)/./node_modules/next/dist/client/dev/hot-reloader/app/hot-reloader-app.js:196
[  183842ms] [LOG] [Fast Refresh] done in 96ms @ webpack-internal:///(app-pages-browser)/./node_modules/next/dist/client/dev/report-hmr-latency.js:13
[  184142ms] [LOG] [Fast Refresh] rebuilding @ webpack-internal:///(app-pages-browser)/./node_modules/next/dist/client/dev/hot-reloader/app/hot-reloader-app.js:196
[  184188ms] [LOG] [Fast Refresh] done in 46ms @ webpack-internal:///(app-pages-browser)/./node_modules/next/dist/client/dev/report-hmr-latency.js:13
[  184448ms] [LOG] [Fast Refresh] rebuilding @ webpack-internal:///(app-pages-browser)/./node_modules/next/dist/client/dev/hot-reloader/app/hot-reloader-app.js:196
[  184584ms] [LOG] [Fast Refresh] done in 136ms @ webpack-internal:///(app-pages-browser)/./node_modules/next/dist/client/dev/report-hmr-latency.js:13
[  185200ms] [LOG] [Fast Refresh] rebuilding @ webpack-internal:///(app-pages-browser)/./node_modules/next/dist/client/dev/hot-reloader/app/hot-reloader-app.js:196
[  185245ms] [LOG] [Fast Refresh] done in 44ms @ webpack-internal:///(app-pages-browser)/./node_modules/next/dist/client/dev/report-hmr-latency.js:13
[  185487ms] [LOG] [Fast Refresh] rebuilding @ webpack-internal:///(app-pages-browser)/./node_modules/next/dist/client/dev/hot-reloader/app/hot-reloader-app.js:196
[  185572ms] [LOG] [Fast Refresh] done in 85ms @ webpack-internal:///(app-pages-browser)/./node_modules/next/dist/client/dev/report-hmr-latency.js:13
[  185822ms] [LOG] [Fast Refresh] rebuilding @ webpack-internal:///(app-pages-browser)/./node_modules/next/dist/client/dev/hot-reloader/app/hot-reloader-app.js:196
[  185901ms] [LOG] [Fast Refresh] done in 80ms @ webpack-internal:///(app-pages-browser)/./node_modules/next/dist/client/dev/report-hmr-latency.js:13
[  186180ms] [LOG] [Fast Refresh] rebuilding @ webpack-internal:///(app-pages-browser)/./node_modules/next/dist/client/dev/hot-reloader/app/hot-reloader-app.js:196
[  186266ms] [LOG] [Fast Refresh] done in 86ms @ webpack-internal:///(app-pages-browser)/./node_modules/next/dist/client/dev/report-hmr-latency.js:13
[  186481ms] [LOG] [Fast Refresh] rebuilding @ webpack-internal:///(app-pages-browser)/./node_modules/next/dist/client/dev/hot-reloader/app/hot-reloader-app.js:196
[  186530ms] [LOG] [Fast Refresh] done in 50ms @ webpack-internal:///(app-pages-browser)/./node_modules/next/dist/client/dev/report-hmr-latency.js:13
[  186853ms] [LOG] [Fast Refresh] rebuilding @ webpack-internal:///(app-pages-browser)/./node_modules/next/dist/client/dev/hot-reloader/app/hot-reloader-app.js:196
[  186913ms] [LOG] [Fast Refresh] done in 60ms @ webpack-internal:///(app-pages-browser)/./node_modules/next/dist/client/dev/report-hmr-latency.js:13
[  187181ms] [LOG] [Fast Refresh] rebuilding @ webpack-internal:///(app-pages-browser)/./node_modules/next/dist/client/dev/hot-reloader/app/hot-reloader-app.js:196
[  187214ms] [LOG] [Fast Refresh] done in 32ms @ webpack-internal:///(app-pages-browser)/./node_modules/next/dist/client/dev/report-hmr-latency.js:13
[  187485ms] [LOG] [Fast Refresh] rebuilding @ webpack-internal:///(app-pages-browser)/./node_modules/next/dist/client/dev/hot-reloader/app/hot-reloader-app.js:196
[  187547ms] [LOG] [Fast Refresh] done in 62ms @ webpack-internal:///(app-pages-browser)/./node_modules/next/dist/client/dev/report-hmr-latency.js:13
[  187801ms] [LOG] [Fast Refresh] rebuilding @ webpack-internal:///(app-pages-browser)/./node_modules/next/dist/client/dev/hot-reloader/app/hot-reloader-app.js:196
[  187839ms] [LOG] [Fast Refresh] done in 38ms @ webpack-internal:///(app-pages-browser)/./node_modules/next/dist/client/dev/report-hmr-latency.js:13
[  188080ms] [LOG] [Fast Refresh] rebuilding @ webpack-internal:///(app-pages-browser)/./node_modules/next/dist/client/dev/hot-reloader/app/hot-reloader-app.js:196
[  188248ms] [LOG] [Fast Refresh] done in 168ms @ webpack-internal:///(app-pages-browser)/./node_modules/next/dist/client/dev/report-hmr-latency.js:13
[  188373ms] [LOG] [Fast Refresh] rebuilding @ webpack-internal:///(app-pages-browser)/./node_modules/next/dist/client/dev/hot-reloader/app/hot-reloader-app.js:196
[  188423ms] [LOG] [Fast Refresh] done in 51ms @ webpack-internal:///(app-pages-browser)/./node_modules/next/dist/client/dev/report-hmr-latency.js:13
[  188690ms] [LOG] [Fast Refresh] rebuilding @ webpack-internal:///(app-pages-browser)/./node_modules/next/dist/client/dev/hot-reloader/app/hot-reloader-app.js:196
[  188752ms] [LOG] [Fast Refresh] done in 63ms @ webpack-internal:///(app-pages-browser)/./node_modules/next/dist/client/dev/report-hmr-latency.js:13
[  189030ms] [LOG] [Fast Refresh] rebuilding @ webpack-internal:///(app-pages-browser)/./node_modules/next/dist/client/dev/hot-reloader/app/hot-reloader-app.js:196
[  189089ms] [LOG] [Fast Refresh] done in 59ms @ webpack-internal:///(app-pages-browser)/./node_modules/next/dist/client/dev/report-hmr-latency.js:13
[  189453ms] [LOG] [Fast Refresh] rebuilding @ webpack-internal:///(app-pages-browser)/./node_modules/next/dist/client/dev/hot-reloader/app/hot-reloader-app.js:196
[  189505ms] [LOG] [Fast Refresh] done in 51ms @ webpack-internal:///(app-pages-browser)/./node_modules/next/dist/client/dev/report-hmr-latency.js:13
[  189756ms] [LOG] [Fast Refresh] rebuilding @ webpack-internal:///(app-pages-browser)/./node_modules/next/dist/client/dev/hot-reloader/app/hot-reloader-app.js:196
[  189807ms] [LOG] [Fast Refresh] done in 50ms @ webpack-internal:///(app-pages-browser)/./node_modules/next/dist/client/dev/report-hmr-latency.js:13
[  190249ms] [LOG] [Fast Refresh] rebuilding @ webpack-internal:///(app-pages-browser)/./node_modules/next/dist/client/dev/hot-reloader/app/hot-reloader-app.js:196
[  190491ms] [LOG] [Fast Refresh] done in 242ms @ webpack-internal:///(app-pages-browser)/./node_modules/next/dist/client/dev/report-hmr-latency.js:13
[  190706ms] [LOG] [Fast Refresh] rebuilding @ webpack-internal:///(app-pages-browser)/./node_modules/next/dist/client/dev/hot-reloader/app/hot-reloader-app.js:196
[  190834ms] [LOG] [Fast Refresh] done in 128ms @ webpack-internal:///(app-pages-browser)/./node_modules/next/dist/client/dev/report-hmr-latency.js:13
[  191524ms] [LOG] [Fast Refresh] rebuilding @ webpack-internal:///(app-pages-browser)/./node_modules/next/dist/client/dev/hot-reloader/app/hot-reloader-app.js:196
[  191617ms] [LOG] [Fast Refresh] done in 92ms @ webpack-internal:///(app-pages-browser)/./node_modules/next/dist/client/dev/report-hmr-latency.js:13
[  191856ms] [LOG] [Fast Refresh] rebuilding @ webpack-internal:///(app-pages-browser)/./node_modules/next/dist/client/dev/hot-reloader/app/hot-reloader-app.js:196
[  191915ms] [LOG] [Fast Refresh] done in 60ms @ webpack-internal:///(app-pages-browser)/./node_modules/next/dist/client/dev/report-hmr-latency.js:13
[  192234ms] [LOG] [Fast Refresh] rebuilding @ webpack-internal:///(app-pages-browser)/./node_modules/next/dist/client/dev/hot-reloader/app/hot-reloader-app.js:196
[  192330ms] [LOG] [Fast Refresh] done in 97ms @ webpack-internal:///(app-pages-browser)/./node_modules/next/dist/client/dev/report-hmr-latency.js:13
[  192672ms] [LOG] [Fast Refresh] rebuilding @ webpack-internal:///(app-pages-browser)/./node_modules/next/dist/client/dev/hot-reloader/app/hot-reloader-app.js:196
[  192714ms] [LOG] [Fast Refresh] done in 42ms @ webpack-internal:///(app-pages-browser)/./node_modules/next/dist/client/dev/report-hmr-latency.js:13
[  192994ms] [LOG] [Fast Refresh] rebuilding @ webpack-internal:///(app-pages-browser)/./node_modules/next/dist/client/dev/hot-reloader/app/hot-reloader-app.js:196
[  193028ms] [LOG] [Fast Refresh] done in 34ms @ webpack-internal:///(app-pages-browser)/./node_modules/next/dist/client/dev/report-hmr-latency.js:13
[  193332ms] [LOG] [Fast Refresh] rebuilding @ webpack-internal:///(app-pages-browser)/./node_modules/next/dist/client/dev/hot-reloader/app/hot-reloader-app.js:196
[  193396ms] [LOG] [Fast Refresh] done in 64ms @ webpack-internal:///(app-pages-browser)/./node_modules/next/dist/client/dev/report-hmr-latency.js:13
[  193686ms] [LOG] [Fast Refresh] rebuilding @ webpack-internal:///(app-pages-browser)/./node_modules/next/dist/client/dev/hot-reloader/app/hot-reloader-app.js:196
[  193771ms] [LOG] [Fast Refresh] done in 85ms @ webpack-internal:///(app-pages-browser)/./node_modules/next/dist/client/dev/report-hmr-latency.js:13
[  194038ms] [LOG] [Fast Refresh] rebuilding @ webpack-internal:///(app-pages-browser)/./node_modules/next/dist/client/dev/hot-reloader/app/hot-reloader-app.js:196
[  194110ms] [LOG] [Fast Refresh] done in 71ms @ webpack-internal:///(app-pages-browser)/./node_modules/next/dist/client/dev/report-hmr-latency.js:13
[  194418ms] [LOG] [Fast Refresh] rebuilding @ webpack-internal:///(app-pages-browser)/./node_modules/next/dist/client/dev/hot-reloader/app/hot-reloader-app.js:196
[  194483ms] [LOG] [Fast Refresh] done in 66ms @ webpack-internal:///(app-pages-browser)/./node_modules/next/dist/client/dev/report-hmr-latency.js:13
[  194774ms] [LOG] [Fast Refresh] rebuilding @ webpack-internal:///(app-pages-browser)/./node_modules/next/dist/client/dev/hot-reloader/app/hot-reloader-app.js:196
[  194807ms] [LOG] [Fast Refresh] done in 34ms @ webpack-internal:///(app-pages-browser)/./node_modules/next/dist/client/dev/report-hmr-latency.js:13
[  195109ms] [LOG] [Fast Refresh] rebuilding @ webpack-internal:///(app-pages-browser)/./node_modules/next/dist/client/dev/hot-reloader/app/hot-reloader-app.js:196
[  195148ms] [LOG] [Fast Refresh] done in 38ms @ webpack-internal:///(app-pages-browser)/./node_modules/next/dist/client/dev/report-hmr-latency.js:13
[  195392ms] [LOG] [Fast Refresh] rebuilding @ webpack-internal:///(app-pages-browser)/./node_modules/next/dist/client/dev/hot-reloader/app/hot-reloader-app.js:196
[  195490ms] [LOG] [Fast Refresh] done in 98ms @ webpack-internal:///(app-pages-browser)/./node_modules/next/dist/client/dev/report-hmr-latency.js:13
[  195702ms] [LOG] [Fast Refresh] rebuilding @ webpack-internal:///(app-pages-browser)/./node_modules/next/dist/client/dev/hot-reloader/app/hot-reloader-app.js:196
[  195739ms] [LOG] [Fast Refresh] done in 38ms @ webpack-internal:///(app-pages-browser)/./node_modules/next/dist/client/dev/report-hmr-latency.js:13
[  195994ms] [LOG] [Fast Refresh] rebuilding @ webpack-internal:///(app-pages-browser)/./node_modules/next/dist/client/dev/hot-reloader/app/hot-reloader-app.js:196
[  196043ms] [LOG] [Fast Refresh] done in 49ms @ webpack-internal:///(app-pages-browser)/./node_modules/next/dist/client/dev/report-hmr-latency.js:13
[  196298ms] [LOG] [Fast Refresh] rebuilding @ webpack-internal:///(app-pages-browser)/./node_modules/next/dist/client/dev/hot-reloader/app/hot-reloader-app.js:196
[  196337ms] [LOG] [Fast Refresh] done in 39ms @ webpack-internal:///(app-pages-browser)/./node_modules/next/dist/client/dev/report-hmr-latency.js:13
[  196610ms] [LOG] [Fast Refresh] rebuilding @ webpack-internal:///(app-pages-browser)/./node_modules/next/dist/client/dev/hot-reloader/app/hot-reloader-app.js:196
[  196655ms] [LOG] [Fast Refresh] done in 46ms @ webpack-internal:///(app-pages-browser)/./node_modules/next/dist/client/dev/report-hmr-latency.js:13
[  196892ms] [LOG] [Fast Refresh] rebuilding @ webpack-internal:///(app-pages-browser)/./node_modules/next/dist/client/dev/hot-reloader/app/hot-reloader-app.js:196
[  196991ms] [LOG] [Fast Refresh] done in 98ms @ webpack-internal:///(app-pages-browser)/./node_modules/next/dist/client/dev/report-hmr-latency.js:13
[  197253ms] [LOG] [Fast Refresh] rebuilding @ webpack-internal:///(app-pages-browser)/./node_modules/next/dist/client/dev/hot-reloader/app/hot-reloader-app.js:196
[  197290ms] [LOG] [Fast Refresh] done in 38ms @ webpack-internal:///(app-pages-browser)/./node_modules/next/dist/client/dev/report-hmr-latency.js:13
[  197558ms] [LOG] [Fast Refresh] rebuilding @ webpack-internal:///(app-pages-browser)/./node_modules/next/dist/client/dev/hot-reloader/app/hot-reloader-app.js:196
[  197618ms] [LOG] [Fast Refresh] done in 60ms @ webpack-internal:///(app-pages-browser)/./node_modules/next/dist/client/dev/report-hmr-latency.js:13
[  197855ms] [LOG] [Fast Refresh] rebuilding @ webpack-internal:///(app-pages-browser)/./node_modules/next/dist/client/dev/hot-reloader/app/hot-reloader-app.js:196
[  197891ms] [LOG] [Fast Refresh] done in 36ms @ webpack-internal:///(app-pages-browser)/./node_modules/next/dist/client/dev/report-hmr-latency.js:13
[  198124ms] [LOG] [Fast Refresh] rebuilding @ webpack-internal:///(app-pages-browser)/./node_modules/next/dist/client/dev/hot-reloader/app/hot-reloader-app.js:196
[  198172ms] [LOG] [Fast Refresh] done in 47ms @ webpack-internal:///(app-pages-browser)/./node_modules/next/dist/client/dev/report-hmr-latency.js:13
[  198398ms] [LOG] [Fast Refresh] rebuilding @ webpack-internal:///(app-pages-browser)/./node_modules/next/dist/client/dev/hot-reloader/app/hot-reloader-app.js:196
[  198431ms] [LOG] [Fast Refresh] done in 33ms @ webpack-internal:///(app-pages-browser)/./node_modules/next/dist/client/dev/report-hmr-latency.js:13
[  198703ms] [LOG] [Fast Refresh] rebuilding @ webpack-internal:///(app-pages-browser)/./node_modules/next/dist/client/dev/hot-reloader/app/hot-reloader-app.js:196
[  198777ms] [LOG] [Fast Refresh] done in 74ms @ webpack-internal:///(app-pages-browser)/./node_modules/next/dist/client/dev/report-hmr-latency.js:13
[  199200ms] [LOG] [Fast Refresh] rebuilding @ webpack-internal:///(app-pages-browser)/./node_modules/next/dist/client/dev/hot-reloader/app/hot-reloader-app.js:196
[  199261ms] [LOG] [Fast Refresh] done in 61ms @ webpack-internal:///(app-pages-browser)/./node_modules/next/dist/client/dev/report-hmr-latency.js:13
[  199594ms] [LOG] [Fast Refresh] rebuilding @ webpack-internal:///(app-pages-browser)/./node_modules/next/dist/client/dev/hot-reloader/app/hot-reloader-app.js:196
[  199666ms] [LOG] [Fast Refresh] done in 72ms @ webpack-internal:///(app-pages-browser)/./node_modules/next/dist/client/dev/report-hmr-latency.js:13
[  199957ms] [LOG] [Fast Refresh] rebuilding @ webpack-internal:///(app-pages-browser)/./node_modules/next/dist/client/dev/hot-reloader/app/hot-reloader-app.js:196
[  199992ms] [LOG] [Fast Refresh] done in 36ms @ webpack-internal:///(app-pages-browser)/./node_modules/next/dist/client/dev/report-hmr-latency.js:13
[  200253ms] [LOG] [Fast Refresh] rebuilding @ webpack-internal:///(app-pages-browser)/./node_modules/next/dist/client/dev/hot-reloader/app/hot-reloader-app.js:196
[  200306ms] [LOG] [Fast Refresh] done in 53ms @ webpack-internal:///(app-pages-browser)/./node_modules/next/dist/client/dev/report-hmr-latency.js:13
[  200557ms] [LOG] [Fast Refresh] rebuilding @ webpack-internal:///(app-pages-browser)/./node_modules/next/dist/client/dev/hot-reloader/app/hot-reloader-app.js:196
[  200595ms] [LOG] [Fast Refresh] done in 39ms @ webpack-internal:///(app-pages-browser)/./node_modules/next/dist/client/dev/report-hmr-latency.js:13
[  200853ms] [LOG] [Fast Refresh] rebuilding @ webpack-internal:///(app-pages-browser)/./node_modules/next/dist/client/dev/hot-reloader/app/hot-reloader-app.js:196
[  200893ms] [LOG] [Fast Refresh] done in 41ms @ webpack-internal:///(app-pages-browser)/./node_modules/next/dist/client/dev/report-hmr-latency.js:13
[  201184ms] [LOG] [Fast Refresh] rebuilding @ webpack-internal:///(app-pages-browser)/./node_modules/next/dist/client/dev/hot-reloader/app/hot-reloader-app.js:196
[  201252ms] [LOG] [Fast Refresh] done in 68ms @ webpack-internal:///(app-pages-browser)/./node_modules/next/dist/client/dev/report-hmr-latency.js:13
[  201447ms] [LOG] [Fast Refresh] rebuilding @ webpack-internal:///(app-pages-browser)/./node_modules/next/dist/client/dev/hot-reloader/app/hot-reloader-app.js:196
[  201482ms] [LOG] [Fast Refresh] done in 34ms @ webpack-internal:///(app-pages-browser)/./node_modules/next/dist/client/dev/report-hmr-latency.js:13
[  201736ms] [LOG] [Fast Refresh] rebuilding @ webpack-internal:///(app-pages-browser)/./node_modules/next/dist/client/dev/hot-reloader/app/hot-reloader-app.js:196
[  201798ms] [LOG] [Fast Refresh] done in 62ms @ webpack-internal:///(app-pages-browser)/./node_modules/next/dist/client/dev/report-hmr-latency.js:13
[  202024ms] [LOG] [Fast Refresh] rebuilding @ webpack-internal:///(app-pages-browser)/./node_modules/next/dist/client/dev/hot-reloader/app/hot-reloader-app.js:196
[  202057ms] [LOG] [Fast Refresh] done in 34ms @ webpack-internal:///(app-pages-browser)/./node_modules/next/dist/client/dev/report-hmr-latency.js:13
[  202318ms] [LOG] [Fast Refresh] rebuilding @ webpack-internal:///(app-pages-browser)/./node_modules/next/dist/client/dev/hot-reloader/app/hot-reloader-app.js:196
[  202349ms] [LOG] [Fast Refresh] done in 31ms @ webpack-internal:///(app-pages-browser)/./node_modules/next/dist/client/dev/report-hmr-latency.js:13
[  202626ms] [LOG] [Fast Refresh] rebuilding @ webpack-internal:///(app-pages-browser)/./node_modules/next/dist/client/dev/hot-reloader/app/hot-reloader-app.js:196
[  202680ms] [LOG] [Fast Refresh] done in 54ms @ webpack-internal:///(app-pages-browser)/./node_modules/next/dist/client/dev/report-hmr-latency.js:13
[  202921ms] [LOG] [Fast Refresh] rebuilding @ webpack-internal:///(app-pages-browser)/./node_modules/next/dist/client/dev/hot-reloader/app/hot-reloader-app.js:196
[  202959ms] [LOG] [Fast Refresh] done in 37ms @ webpack-internal:///(app-pages-browser)/./node_modules/next/dist/client/dev/report-hmr-latency.js:13
[  203169ms] [LOG] [Fast Refresh] rebuilding @ webpack-internal:///(app-pages-browser)/./node_modules/next/dist/client/dev/hot-reloader/app/hot-reloader-app.js:196
[  203239ms] [LOG] [Fast Refresh] done in 70ms @ webpack-internal:///(app-pages-browser)/./node_modules/next/dist/client/dev/report-hmr-latency.js:13
[  203486ms] [LOG] [Fast Refresh] rebuilding @ webpack-internal:///(app-pages-browser)/./node_modules/next/dist/client/dev/hot-reloader/app/hot-reloader-app.js:196
[  203540ms] [LOG] [Fast Refresh] done in 54ms @ webpack-internal:///(app-pages-browser)/./node_modules/next/dist/client/dev/report-hmr-latency.js:13
[  203800ms] [LOG] [Fast Refresh] rebuilding @ webpack-internal:///(app-pages-browser)/./node_modules/next/dist/client/dev/hot-reloader/app/hot-reloader-app.js:196
[  203858ms] [LOG] [Fast Refresh] done in 59ms @ webpack-internal:///(app-pages-browser)/./node_modules/next/dist/client/dev/report-hmr-latency.js:13
[  204169ms] [LOG] [Fast Refresh] rebuilding @ webpack-internal:///(app-pages-browser)/./node_modules/next/dist/client/dev/hot-reloader/app/hot-reloader-app.js:196
[  204225ms] [LOG] [Fast Refresh] done in 56ms @ webpack-internal:///(app-pages-browser)/./node_modules/next/dist/client/dev/report-hmr-latency.js:13
[  204423ms] [LOG] [Fast Refresh] rebuilding @ webpack-internal:///(app-pages-browser)/./node_modules/next/dist/client/dev/hot-reloader/app/hot-reloader-app.js:196
[  204476ms] [LOG] [Fast Refresh] done in 52ms @ webpack-internal:///(app-pages-browser)/./node_modules/next/dist/client/dev/report-hmr-latency.js:13
[  204682ms] [LOG] [Fast Refresh] rebuilding @ webpack-internal:///(app-pages-browser)/./node_modules/next/dist/client/dev/hot-reloader/app/hot-reloader-app.js:196
[  204727ms] [LOG] [Fast Refresh] done in 46ms @ webpack-internal:///(app-pages-browser)/./node_modules/next/dist/client/dev/report-hmr-latency.js:13
[  204976ms] [LOG] [Fast Refresh] rebuilding @ webpack-internal:///(app-pages-browser)/./node_modules/next/dist/client/dev/hot-reloader/app/hot-reloader-app.js:196
[  205023ms] [LOG] [Fast Refresh] done in 48ms @ webpack-internal:///(app-pages-browser)/./node_modules/next/dist/client/dev/report-hmr-latency.js:13
[  205261ms] [LOG] [Fast Refresh] rebuilding @ webpack-internal:///(app-pages-browser)/./node_modules/next/dist/client/dev/hot-reloader/app/hot-reloader-app.js:196
[  205308ms] [LOG] [Fast Refresh] done in 47ms @ webpack-internal:///(app-pages-browser)/./node_modules/next/dist/client/dev/report-hmr-latency.js:13
[  205569ms] [LOG] [Fast Refresh] rebuilding @ webpack-internal:///(app-pages-browser)/./node_modules/next/dist/client/dev/hot-reloader/app/hot-reloader-app.js:196
[  205624ms] [LOG] [Fast Refresh] done in 56ms @ webpack-internal:///(app-pages-browser)/./node_modules/next/dist/client/dev/report-hmr-latency.js:13
[  205848ms] [LOG] [Fast Refresh] rebuilding @ webpack-internal:///(app-pages-browser)/./node_modules/next/dist/client/dev/hot-reloader/app/hot-reloader-app.js:196
[  205909ms] [LOG] [Fast Refresh] done in 61ms @ webpack-internal:///(app-pages-browser)/./node_modules/next/dist/client/dev/report-hmr-latency.js:13
[  206146ms] [LOG] [Fast Refresh] rebuilding @ webpack-internal:///(app-pages-browser)/./node_modules/next/dist/client/dev/hot-reloader/app/hot-reloader-app.js:196
[  206184ms] [LOG] [Fast Refresh] done in 39ms @ webpack-internal:///(app-pages-browser)/./node_modules/next/dist/client/dev/report-hmr-latency.js:13
[  206417ms] [LOG] [Fast Refresh] rebuilding @ webpack-internal:///(app-pages-browser)/./node_modules/next/dist/client/dev/hot-reloader/app/hot-reloader-app.js:196
[  206448ms] [LOG] [Fast Refresh] done in 32ms @ webpack-internal:///(app-pages-browser)/./node_modules/next/dist/client/dev/report-hmr-latency.js:13
[  206689ms] [LOG] [Fast Refresh] rebuilding @ webpack-internal:///(app-pages-browser)/./node_modules/next/dist/client/dev/hot-reloader/app/hot-reloader-app.js:196
[  206740ms] [LOG] [Fast Refresh] done in 50ms @ webpack-internal:///(app-pages-browser)/./node_modules/next/dist/client/dev/report-hmr-latency.js:13
[  206990ms] [LOG] [Fast Refresh] rebuilding @ webpack-internal:///(app-pages-browser)/./node_modules/next/dist/client/dev/hot-reloader/app/hot-reloader-app.js:196
[  207064ms] [LOG] [Fast Refresh] done in 73ms @ webpack-internal:///(app-pages-browser)/./node_modules/next/dist/client/dev/report-hmr-latency.js:13
[  207313ms] [LOG] [Fast Refresh] rebuilding @ webpack-internal:///(app-pages-browser)/./node_modules/next/dist/client/dev/hot-reloader/app/hot-reloader-app.js:196
[  207379ms] [LOG] [Fast Refresh] done in 67ms @ webpack-internal:///(app-pages-browser)/./node_modules/next/dist/client/dev/report-hmr-latency.js:13
[  207630ms] [LOG] [Fast Refresh] rebuilding @ webpack-internal:///(app-pages-browser)/./node_modules/next/dist/client/dev/hot-reloader/app/hot-reloader-app.js:196
[  207689ms] [LOG] [Fast Refresh] done in 60ms @ webpack-internal:///(app-pages-browser)/./node_modules/next/dist/client/dev/report-hmr-latency.js:13
[  207938ms] [LOG] [Fast Refresh] rebuilding @ webpack-internal:///(app-pages-browser)/./node_modules/next/dist/client/dev/hot-reloader/app/hot-reloader-app.js:196
[  207985ms] [LOG] [Fast Refresh] done in 47ms @ webpack-internal:///(app-pages-browser)/./node_modules/next/dist/client/dev/report-hmr-latency.js:13
[  208240ms] [LOG] [Fast Refresh] rebuilding @ webpack-internal:///(app-pages-browser)/./node_modules/next/dist/client/dev/hot-reloader/app/hot-reloader-app.js:196
[  208291ms] [LOG] [Fast Refresh] done in 51ms @ webpack-internal:///(app-pages-browser)/./node_modules/next/dist/client/dev/report-hmr-latency.js:13
[  208505ms] [LOG] [Fast Refresh] rebuilding @ webpack-internal:///(app-pages-browser)/./node_modules/next/dist/client/dev/hot-reloader/app/hot-reloader-app.js:196
[  208565ms] [LOG] [Fast Refresh] done in 60ms @ webpack-internal:///(app-pages-browser)/./node_modules/next/dist/client/dev/report-hmr-latency.js:13
[  208848ms] [LOG] [Fast Refresh] rebuilding @ webpack-internal:///(app-pages-browser)/./node_modules/next/dist/client/dev/hot-reloader/app/hot-reloader-app.js:196
[  208885ms] [LOG] [Fast Refresh] done in 38ms @ webpack-internal:///(app-pages-browser)/./node_modules/next/dist/client/dev/report-hmr-latency.js:13
[  209299ms] [LOG] [Fast Refresh] rebuilding @ webpack-internal:///(app-pages-browser)/./node_modules/next/dist/client/dev/hot-reloader/app/hot-reloader-app.js:196
[  209365ms] [LOG] [Fast Refresh] done in 66ms @ webpack-internal:///(app-pages-browser)/./node_modules/next/dist/client/dev/report-hmr-latency.js:13
[  209684ms] [LOG] [Fast Refresh] rebuilding @ webpack-internal:///(app-pages-browser)/./node_modules/next/dist/client/dev/hot-reloader/app/hot-reloader-app.js:196
[  209754ms] [LOG] [Fast Refresh] done in 71ms @ webpack-internal:///(app-pages-browser)/./node_modules/next/dist/client/dev/report-hmr-latency.js:13
[  210501ms] [LOG] [Fast Refresh] rebuilding @ webpack-internal:///(app-pages-browser)/./node_modules/next/dist/client/dev/hot-reloader/app/hot-reloader-app.js:196
[  210533ms] [LOG] [Fast Refresh] done in 32ms @ webpack-internal:///(app-pages-browser)/./node_modules/next/dist/client/dev/report-hmr-latency.js:13
[  210774ms] [LOG] [Fast Refresh] rebuilding @ webpack-internal:///(app-pages-browser)/./node_modules/next/dist/client/dev/hot-reloader/app/hot-reloader-app.js:196
[  210837ms] [LOG] [Fast Refresh] done in 64ms @ webpack-internal:///(app-pages-browser)/./node_modules/next/dist/client/dev/report-hmr-latency.js:13
[  211103ms] [LOG] [Fast Refresh] rebuilding @ webpack-internal:///(app-pages-browser)/./node_modules/next/dist/client/dev/hot-reloader/app/hot-reloader-app.js:196
[  211147ms] [LOG] [Fast Refresh] done in 44ms @ webpack-internal:///(app-pages-browser)/./node_modules/next/dist/client/dev/report-hmr-latency.js:13
[  211502ms] [LOG] [Fast Refresh] rebuilding @ webpack-internal:///(app-pages-browser)/./node_modules/next/dist/client/dev/hot-reloader/app/hot-reloader-app.js:196
[  211528ms] [LOG] [Fast Refresh] done in 26ms @ webpack-internal:///(app-pages-browser)/./node_modules/next/dist/client/dev/report-hmr-latency.js:13
[  211797ms] [LOG] [Fast Refresh] rebuilding @ webpack-internal:///(app-pages-browser)/./node_modules/next/dist/client/dev/hot-reloader/app/hot-reloader-app.js:196
[  211846ms] [LOG] [Fast Refresh] done in 49ms @ webpack-internal:///(app-pages-browser)/./node_modules/next/dist/client/dev/report-hmr-latency.js:13
[  212051ms] [LOG] [Fast Refresh] rebuilding @ webpack-internal:///(app-pages-browser)/./node_modules/next/dist/client/dev/hot-reloader/app/hot-reloader-app.js:196
[  212088ms] [LOG] [Fast Refresh] done in 37ms @ webpack-internal:///(app-pages-browser)/./node_modules/next/dist/client/dev/report-hmr-latency.js:13
[  212393ms] [LOG] [Fast Refresh] rebuilding @ webpack-internal:///(app-pages-browser)/./node_modules/next/dist/client/dev/hot-reloader/app/hot-reloader-app.js:196
[  212445ms] [LOG] [Fast Refresh] done in 52ms @ webpack-internal:///(app-pages-browser)/./node_modules/next/dist/client/dev/report-hmr-latency.js:13
[  212708ms] [LOG] [Fast Refresh] rebuilding @ webpack-internal:///(app-pages-browser)/./node_modules/next/dist/client/dev/hot-reloader/app/hot-reloader-app.js:196
[  212750ms] [LOG] [Fast Refresh] done in 43ms @ webpack-internal:///(app-pages-browser)/./node_modules/next/dist/client/dev/report-hmr-latency.js:13
[  213015ms] [LOG] [Fast Refresh] rebuilding @ webpack-internal:///(app-pages-browser)/./node_modules/next/dist/client/dev/hot-reloader/app/hot-reloader-app.js:196
[  213080ms] [LOG] [Fast Refresh] done in 66ms @ webpack-internal:///(app-pages-browser)/./node_modules/next/dist/client/dev/report-hmr-latency.js:13
[  213315ms] [LOG] [Fast Refresh] rebuilding @ webpack-internal:///(app-pages-browser)/./node_modules/next/dist/client/dev/hot-reloader/app/hot-reloader-app.js:196
[  213373ms] [LOG] [Fast Refresh] done in 58ms @ webpack-internal:///(app-pages-browser)/./node_modules/next/dist/client/dev/report-hmr-latency.js:13
[  213636ms] [LOG] [Fast Refresh] rebuilding @ webpack-internal:///(app-pages-browser)/./node_modules/next/dist/client/dev/hot-reloader/app/hot-reloader-app.js:196
[  213695ms] [LOG] [Fast Refresh] done in 58ms @ webpack-internal:///(app-pages-browser)/./node_modules/next/dist/client/dev/report-hmr-latency.js:13
[  213972ms] [LOG] [Fast Refresh] rebuilding @ webpack-internal:///(app-pages-browser)/./node_modules/next/dist/client/dev/hot-reloader/app/hot-reloader-app.js:196
[  214013ms] [LOG] [Fast Refresh] done in 42ms @ webpack-internal:///(app-pages-browser)/./node_modules/next/dist/client/dev/report-hmr-latency.js:13
[  214299ms] [LOG] [Fast Refresh] rebuilding @ webpack-internal:///(app-pages-browser)/./node_modules/next/dist/client/dev/hot-reloader/app/hot-reloader-app.js:196
[  214374ms] [LOG] [Fast Refresh] done in 76ms @ webpack-internal:///(app-pages-browser)/./node_modules/next/dist/client/dev/report-hmr-latency.js:13
[  214620ms] [LOG] [Fast Refresh] rebuilding @ webpack-internal:///(app-pages-browser)/./node_modules/next/dist/client/dev/hot-reloader/app/hot-reloader-app.js:196
[  214686ms] [LOG] [Fast Refresh] done in 65ms @ webpack-internal:///(app-pages-browser)/./node_modules/next/dist/client/dev/report-hmr-latency.js:13
[  214910ms] [LOG] [Fast Refresh] rebuilding @ webpack-internal:///(app-pages-browser)/./node_modules/next/dist/client/dev/hot-reloader/app/hot-reloader-app.js:196
[  214939ms] [LOG] [Fast Refresh] done in 29ms @ webpack-internal:///(app-pages-browser)/./node_modules/next/dist/client/dev/report-hmr-latency.js:13
[  215198ms] [LOG] [Fast Refresh] rebuilding @ webpack-internal:///(app-pages-browser)/./node_modules/next/dist/client/dev/hot-reloader/app/hot-reloader-app.js:196
[  215270ms] [LOG] [Fast Refresh] done in 72ms @ webpack-internal:///(app-pages-browser)/./node_modules/next/dist/client/dev/report-hmr-latency.js:13
[  215529ms] [LOG] [Fast Refresh] rebuilding @ webpack-internal:///(app-pages-browser)/./node_modules/next/dist/client/dev/hot-reloader/app/hot-reloader-app.js:196
[  215572ms] [LOG] [Fast Refresh] done in 43ms @ webpack-internal:///(app-pages-browser)/./node_modules/next/dist/client/dev/report-hmr-latency.js:13
[  215849ms] [LOG] [Fast Refresh] rebuilding @ webpack-internal:///(app-pages-browser)/./node_modules/next/dist/client/dev/hot-reloader/app/hot-reloader-app.js:196
[  215880ms] [LOG] [Fast Refresh] done in 31ms @ webpack-internal:///(app-pages-browser)/./node_modules/next/dist/client/dev/report-hmr-latency.js:13
[  216146ms] [LOG] [Fast Refresh] rebuilding @ webpack-internal:///(app-pages-browser)/./node_modules/next/dist/client/dev/hot-reloader/app/hot-reloader-app.js:196
[  216197ms] [LOG] [Fast Refresh] done in 50ms @ webpack-internal:///(app-pages-browser)/./node_modules/next/dist/client/dev/report-hmr-latency.js:13
[  216477ms] [LOG] [Fast Refresh] rebuilding @ webpack-internal:///(app-pages-browser)/./node_modules/next/dist/client/dev/hot-reloader/app/hot-reloader-app.js:196
[  216512ms] [LOG] [Fast Refresh] done in 35ms @ webpack-internal:///(app-pages-browser)/./node_modules/next/dist/client/dev/report-hmr-latency.js:13
[  216812ms] [LOG] [Fast Refresh] rebuilding @ webpack-internal:///(app-pages-browser)/./node_modules/next/dist/client/dev/hot-reloader/app/hot-reloader-app.js:196
[  216895ms] [LOG] [Fast Refresh] done in 83ms @ webpack-internal:///(app-pages-browser)/./node_modules/next/dist/client/dev/report-hmr-latency.js:13
[  217119ms] [LOG] [Fast Refresh] rebuilding @ webpack-internal:///(app-pages-browser)/./node_modules/next/dist/client/dev/hot-reloader/app/hot-reloader-app.js:196
[  217156ms] [LOG] [Fast Refresh] done in 38ms @ webpack-internal:///(app-pages-browser)/./node_modules/next/dist/client/dev/report-hmr-latency.js:13
[  217408ms] [LOG] [Fast Refresh] rebuilding @ webpack-internal:///(app-pages-browser)/./node_modules/next/dist/client/dev/hot-reloader/app/hot-reloader-app.js:196
[  217454ms] [LOG] [Fast Refresh] done in 46ms @ webpack-internal:///(app-pages-browser)/./node_modules/next/dist/client/dev/report-hmr-latency.js:13
[  217732ms] [LOG] [Fast Refresh] rebuilding @ webpack-internal:///(app-pages-browser)/./node_modules/next/dist/client/dev/hot-reloader/app/hot-reloader-app.js:196
[  217791ms] [LOG] [Fast Refresh] done in 60ms @ webpack-internal:///(app-pages-browser)/./node_modules/next/dist/client/dev/report-hmr-latency.js:13
[  218008ms] [LOG] [Fast Refresh] rebuilding @ webpack-internal:///(app-pages-browser)/./node_modules/next/dist/client/dev/hot-reloader/app/hot-reloader-app.js:196
[  218041ms] [LOG] [Fast Refresh] done in 32ms @ webpack-internal:///(app-pages-browser)/./node_modules/next/dist/client/dev/report-hmr-latency.js:13
[  218280ms] [LOG] [Fast Refresh] rebuilding @ webpack-internal:///(app-pages-browser)/./node_modules/next/dist/client/dev/hot-reloader/app/hot-reloader-app.js:196
[  218329ms] [LOG] [Fast Refresh] done in 49ms @ webpack-internal:///(app-pages-browser)/./node_modules/next/dist/client/dev/report-hmr-latency.js:13
[  218611ms] [LOG] [Fast Refresh] rebuilding @ webpack-internal:///(app-pages-browser)/./node_modules/next/dist/client/dev/hot-reloader/app/hot-reloader-app.js:196
[  218714ms] [LOG] [Fast Refresh] done in 102ms @ webpack-internal:///(app-pages-browser)/./node_modules/next/dist/client/dev/report-hmr-latency.js:13
[  218949ms] [LOG] [Fast Refresh] rebuilding @ webpack-internal:///(app-pages-browser)/./node_modules/next/dist/client/dev/hot-reloader/app/hot-reloader-app.js:196
[  218996ms] [LOG] [Fast Refresh] done in 46ms @ webpack-internal:///(app-pages-browser)/./node_modules/next/dist/client/dev/report-hmr-latency.js:13
[  219301ms] [LOG] [Fast Refresh] rebuilding @ webpack-internal:///(app-pages-browser)/./node_modules/next/dist/client/dev/hot-reloader/app/hot-reloader-app.js:196
[  219343ms] [LOG] [Fast Refresh] done in 42ms @ webpack-internal:///(app-pages-browser)/./node_modules/next/dist/client/dev/report-hmr-latency.js:13
[  219572ms] [LOG] [Fast Refresh] rebuilding @ webpack-internal:///(app-pages-browser)/./node_modules/next/dist/client/dev/hot-reloader/app/hot-reloader-app.js:196
[  219636ms] [LOG] [Fast Refresh] done in 65ms @ webpack-internal:///(app-pages-browser)/./node_modules/next/dist/client/dev/report-hmr-latency.js:13
[  219880ms] [LOG] [Fast Refresh] rebuilding @ webpack-internal:///(app-pages-browser)/./node_modules/next/dist/client/dev/hot-reloader/app/hot-reloader-app.js:196
[  219920ms] [LOG] [Fast Refresh] done in 40ms @ webpack-internal:///(app-pages-browser)/./node_modules/next/dist/client/dev/report-hmr-latency.js:13
[  220190ms] [LOG] [Fast Refresh] rebuilding @ webpack-internal:///(app-pages-browser)/./node_modules/next/dist/client/dev/hot-reloader/app/hot-reloader-app.js:196
[  220219ms] [LOG] [Fast Refresh] done in 29ms @ webpack-internal:///(app-pages-browser)/./node_modules/next/dist/client/dev/report-hmr-latency.js:13
[  220444ms] [LOG] [Fast Refresh] rebuilding @ webpack-internal:///(app-pages-browser)/./node_modules/next/dist/client/dev/hot-reloader/app/hot-reloader-app.js:196
[  220507ms] [LOG] [Fast Refresh] done in 64ms @ webpack-internal:///(app-pages-browser)/./node_modules/next/dist/client/dev/report-hmr-latency.js:13
[  220816ms] [LOG] [Fast Refresh] rebuilding @ webpack-internal:///(app-pages-browser)/./node_modules/next/dist/client/dev/hot-reloader/app/hot-reloader-app.js:196
[  220862ms] [LOG] [Fast Refresh] done in 46ms @ webpack-internal:///(app-pages-browser)/./node_modules/next/dist/client/dev/report-hmr-latency.js:13
[  221081ms] [LOG] [Fast Refresh] rebuilding @ webpack-internal:///(app-pages-browser)/./node_modules/next/dist/client/dev/hot-reloader/app/hot-reloader-app.js:196
[  221155ms] [LOG] [Fast Refresh] done in 73ms @ webpack-internal:///(app-pages-browser)/./node_modules/next/dist/client/dev/report-hmr-latency.js:13
[  221404ms] [LOG] [Fast Refresh] rebuilding @ webpack-internal:///(app-pages-browser)/./node_modules/next/dist/client/dev/hot-reloader/app/hot-reloader-app.js:196
[  221464ms] [LOG] [Fast Refresh] done in 60ms @ webpack-internal:///(app-pages-browser)/./node_modules/next/dist/client/dev/report-hmr-latency.js:13
[  221715ms] [LOG] [Fast Refresh] rebuilding @ webpack-internal:///(app-pages-browser)/./node_modules/next/dist/client/dev/hot-reloader/app/hot-reloader-app.js:196
[  221800ms] [LOG] [Fast Refresh] done in 84ms @ webpack-internal:///(app-pages-browser)/./node_modules/next/dist/client/dev/report-hmr-latency.js:13
[  222022ms] [LOG] [Fast Refresh] rebuilding @ webpack-internal:///(app-pages-browser)/./node_modules/next/dist/client/dev/hot-reloader/app/hot-reloader-app.js:196
[  222058ms] [LOG] [Fast Refresh] done in 36ms @ webpack-internal:///(app-pages-browser)/./node_modules/next/dist/client/dev/report-hmr-latency.js:13
[  222340ms] [LOG] [Fast Refresh] rebuilding @ webpack-internal:///(app-pages-browser)/./node_modules/next/dist/client/dev/hot-reloader/app/hot-reloader-app.js:196
[  222378ms] [LOG] [Fast Refresh] done in 38ms @ webpack-internal:///(app-pages-browser)/./node_modules/next/dist/client/dev/report-hmr-latency.js:13
[  222587ms] [LOG] [Fast Refresh] rebuilding @ webpack-internal:///(app-pages-browser)/./node_modules/next/dist/client/dev/hot-reloader/app/hot-reloader-app.js:196
[  222628ms] [LOG] [Fast Refresh] done in 41ms @ webpack-internal:///(app-pages-browser)/./node_modules/next/dist/client/dev/report-hmr-latency.js:13
[  222899ms] [LOG] [Fast Refresh] rebuilding @ webpack-internal:///(app-pages-browser)/./node_modules/next/dist/client/dev/hot-reloader/app/hot-reloader-app.js:196
[  222954ms] [LOG] [Fast Refresh] done in 54ms @ webpack-internal:///(app-pages-browser)/./node_modules/next/dist/client/dev/report-hmr-latency.js:13
[  223218ms] [LOG] [Fast Refresh] rebuilding @ webpack-internal:///(app-pages-browser)/./node_modules/next/dist/client/dev/hot-reloader/app/hot-reloader-app.js:196
[  223256ms] [LOG] [Fast Refresh] done in 37ms @ webpack-internal:///(app-pages-browser)/./node_modules/next/dist/client/dev/report-hmr-latency.js:13
[  223559ms] [LOG] [Fast Refresh] rebuilding @ webpack-internal:///(app-pages-browser)/./node_modules/next/dist/client/dev/hot-reloader/app/hot-reloader-app.js:196
[  223600ms] [LOG] [Fast Refresh] done in 41ms @ webpack-internal:///(app-pages-browser)/./node_modules/next/dist/client/dev/report-hmr-latency.js:13
[  223933ms] [LOG] [Fast Refresh] rebuilding @ webpack-internal:///(app-pages-browser)/./node_modules/next/dist/client/dev/hot-reloader/app/hot-reloader-app.js:196
[  223978ms] [LOG] [Fast Refresh] done in 46ms @ webpack-internal:///(app-pages-browser)/./node_modules/next/dist/client/dev/report-hmr-latency.js:13
[  224230ms] [LOG] [Fast Refresh] rebuilding @ webpack-internal:///(app-pages-browser)/./node_modules/next/dist/client/dev/hot-reloader/app/hot-reloader-app.js:196
[  224275ms] [LOG] [Fast Refresh] done in 45ms @ webpack-internal:///(app-pages-browser)/./node_modules/next/dist/client/dev/report-hmr-latency.js:13
[  224528ms] [LOG] [Fast Refresh] rebuilding @ webpack-internal:///(app-pages-browser)/./node_modules/next/dist/client/dev/hot-reloader/app/hot-reloader-app.js:196
[  224600ms] [LOG] [Fast Refresh] done in 72ms @ webpack-internal:///(app-pages-browser)/./node_modules/next/dist/client/dev/report-hmr-latency.js:13
[  224794ms] [LOG] [Fast Refresh] rebuilding @ webpack-internal:///(app-pages-browser)/./node_modules/next/dist/client/dev/hot-reloader/app/hot-reloader-app.js:196
[  224835ms] [LOG] [Fast Refresh] done in 40ms @ webpack-internal:///(app-pages-browser)/./node_modules/next/dist/client/dev/report-hmr-latency.js:13
[  225156ms] [LOG] [Fast Refresh] rebuilding @ webpack-internal:///(app-pages-browser)/./node_modules/next/dist/client/dev/hot-reloader/app/hot-reloader-app.js:196
[  225197ms] [LOG] [Fast Refresh] done in 41ms @ webpack-internal:///(app-pages-browser)/./node_modules/next/dist/client/dev/report-hmr-latency.js:13
[  225427ms] [LOG] [Fast Refresh] rebuilding @ webpack-internal:///(app-pages-browser)/./node_modules/next/dist/client/dev/hot-reloader/app/hot-reloader-app.js:196
[  225520ms] [LOG] [Fast Refresh] done in 92ms @ webpack-internal:///(app-pages-browser)/./node_modules/next/dist/client/dev/report-hmr-latency.js:13
[  225778ms] [LOG] [Fast Refresh] rebuilding @ webpack-internal:///(app-pages-browser)/./node_modules/next/dist/client/dev/hot-reloader/app/hot-reloader-app.js:196
[  225809ms] [LOG] [Fast Refresh] done in 31ms @ webpack-internal:///(app-pages-browser)/./node_modules/next/dist/client/dev/report-hmr-latency.js:13
[  226123ms] [LOG] [Fast Refresh] rebuilding @ webpack-internal:///(app-pages-browser)/./node_modules/next/dist/client/dev/hot-reloader/app/hot-reloader-app.js:196
[  226165ms] [LOG] [Fast Refresh] done in 42ms @ webpack-internal:///(app-pages-browser)/./node_modules/next/dist/client/dev/report-hmr-latency.js:13
[  226390ms] [LOG] [Fast Refresh] rebuilding @ webpack-internal:///(app-pages-browser)/./node_modules/next/dist/client/dev/hot-reloader/app/hot-reloader-app.js:196
[  226460ms] [LOG] [Fast Refresh] done in 70ms @ webpack-internal:///(app-pages-browser)/./node_modules/next/dist/client/dev/report-hmr-latency.js:13
[  226685ms] [LOG] [Fast Refresh] rebuilding @ webpack-internal:///(app-pages-browser)/./node_modules/next/dist/client/dev/hot-reloader/app/hot-reloader-app.js:196
[  226718ms] [LOG] [Fast Refresh] done in 34ms @ webpack-internal:///(app-pages-browser)/./node_modules/next/dist/client/dev/report-hmr-latency.js:13
[  226928ms] [LOG] [Fast Refresh] rebuilding @ webpack-internal:///(app-pages-browser)/./node_modules/next/dist/client/dev/hot-reloader/app/hot-reloader-app.js:196
[  226999ms] [LOG] [Fast Refresh] done in 71ms @ webpack-internal:///(app-pages-browser)/./node_modules/next/dist/client/dev/report-hmr-latency.js:13
[  227242ms] [LOG] [Fast Refresh] rebuilding @ webpack-internal:///(app-pages-browser)/./node_modules/next/dist/client/dev/hot-reloader/app/hot-reloader-app.js:196
[  227288ms] [LOG] [Fast Refresh] done in 46ms @ webpack-internal:///(app-pages-browser)/./node_modules/next/dist/client/dev/report-hmr-latency.js:13
[  227550ms] [LOG] [Fast Refresh] rebuilding @ webpack-internal:///(app-pages-browser)/./node_modules/next/dist/client/dev/hot-reloader/app/hot-reloader-app.js:196
[  227598ms] [LOG] [Fast Refresh] done in 47ms @ webpack-internal:///(app-pages-browser)/./node_modules/next/dist/client/dev/report-hmr-latency.js:13
[  227810ms] [LOG] [Fast Refresh] rebuilding @ webpack-internal:///(app-pages-browser)/./node_modules/next/dist/client/dev/hot-reloader/app/hot-reloader-app.js:196
[  227873ms] [LOG] [Fast Refresh] done in 63ms @ webpack-internal:///(app-pages-browser)/./node_modules/next/dist/client/dev/report-hmr-latency.js:13
[  228193ms] [LOG] [Fast Refresh] rebuilding @ webpack-internal:///(app-pages-browser)/./node_modules/next/dist/client/dev/hot-reloader/app/hot-reloader-app.js:196
[  228260ms] [LOG] [Fast Refresh] done in 68ms @ webpack-internal:///(app-pages-browser)/./node_modules/next/dist/client/dev/report-hmr-latency.js:13
[  228604ms] [LOG] [Fast Refresh] rebuilding @ webpack-internal:///(app-pages-browser)/./node_modules/next/dist/client/dev/hot-reloader/app/hot-reloader-app.js:196
[  228651ms] [LOG] [Fast Refresh] done in 48ms @ webpack-internal:///(app-pages-browser)/./node_modules/next/dist/client/dev/report-hmr-latency.js:13
[  228944ms] [LOG] [Fast Refresh] rebuilding @ webpack-internal:///(app-pages-browser)/./node_modules/next/dist/client/dev/hot-reloader/app/hot-reloader-app.js:196
[  228985ms] [LOG] [Fast Refresh] done in 41ms @ webpack-internal:///(app-pages-browser)/./node_modules/next/dist/client/dev/report-hmr-latency.js:13
[  229326ms] [LOG] [Fast Refresh] rebuilding @ webpack-internal:///(app-pages-browser)/./node_modules/next/dist/client/dev/hot-reloader/app/hot-reloader-app.js:196
[  229354ms] [LOG] [Fast Refresh] done in 29ms @ webpack-internal:///(app-pages-browser)/./node_modules/next/dist/client/dev/report-hmr-latency.js:13
[  229601ms] [LOG] [Fast Refresh] rebuilding @ webpack-internal:///(app-pages-browser)/./node_modules/next/dist/client/dev/hot-reloader/app/hot-reloader-app.js:196
[  229631ms] [LOG] [Fast Refresh] done in 30ms @ webpack-internal:///(app-pages-browser)/./node_modules/next/dist/client/dev/report-hmr-latency.js:13
[  229883ms] [LOG] [Fast Refresh] rebuilding @ webpack-internal:///(app-pages-browser)/./node_modules/next/dist/client/dev/hot-reloader/app/hot-reloader-app.js:196
[  229923ms] [LOG] [Fast Refresh] done in 41ms @ webpack-internal:///(app-pages-browser)/./node_modules/next/dist/client/dev/report-hmr-latency.js:13
[  230153ms] [LOG] [Fast Refresh] rebuilding @ webpack-internal:///(app-pages-browser)/./node_modules/next/dist/client/dev/hot-reloader/app/hot-reloader-app.js:196
[  230224ms] [LOG] [Fast Refresh] done in 71ms @ webpack-internal:///(app-pages-browser)/./node_modules/next/dist/client/dev/report-hmr-latency.js:13
[  230481ms] [LOG] [Fast Refresh] rebuilding @ webpack-internal:///(app-pages-browser)/./node_modules/next/dist/client/dev/hot-reloader/app/hot-reloader-app.js:196
[  230510ms] [LOG] [Fast Refresh] done in 28ms @ webpack-internal:///(app-pages-browser)/./node_modules/next/dist/client/dev/report-hmr-latency.js:13
[  230742ms] [LOG] [Fast Refresh] rebuilding @ webpack-internal:///(app-pages-browser)/./node_modules/next/dist/client/dev/hot-reloader/app/hot-reloader-app.js:196
[  230780ms] [LOG] [Fast Refresh] done in 38ms @ webpack-internal:///(app-pages-browser)/./node_modules/next/dist/client/dev/report-hmr-latency.js:13
[  231035ms] [LOG] [Fast Refresh] rebuilding @ webpack-internal:///(app-pages-browser)/./node_modules/next/dist/client/dev/hot-reloader/app/hot-reloader-app.js:196
[  231092ms] [LOG] [Fast Refresh] done in 58ms @ webpack-internal:///(app-pages-browser)/./node_modules/next/dist/client/dev/report-hmr-latency.js:13
[  231332ms] [LOG] [Fast Refresh] rebuilding @ webpack-internal:///(app-pages-browser)/./node_modules/next/dist/client/dev/hot-reloader/app/hot-reloader-app.js:196
[  231398ms] [LOG] [Fast Refresh] done in 66ms @ webpack-internal:///(app-pages-browser)/./node_modules/next/dist/client/dev/report-hmr-latency.js:13
[  231642ms] [LOG] [Fast Refresh] rebuilding @ webpack-internal:///(app-pages-browser)/./node_modules/next/dist/client/dev/hot-reloader/app/hot-reloader-app.js:196
[  231688ms] [LOG] [Fast Refresh] done in 46ms @ webpack-internal:///(app-pages-browser)/./node_modules/next/dist/client/dev/report-hmr-latency.js:13
[  232349ms] [LOG] [Fast Refresh] rebuilding @ webpack-internal:///(app-pages-browser)/./node_modules/next/dist/client/dev/hot-reloader/app/hot-reloader-app.js:196
[  232487ms] [LOG] [Fast Refresh] done in 139ms @ webpack-internal:///(app-pages-browser)/./node_modules/next/dist/client/dev/report-hmr-latency.js:13
[  233064ms] [LOG] [Fast Refresh] rebuilding @ webpack-internal:///(app-pages-browser)/./node_modules/next/dist/client/dev/hot-reloader/app/hot-reloader-app.js:196
[  233184ms] [LOG] [Fast Refresh] done in 121ms @ webpack-internal:///(app-pages-browser)/./node_modules/next/dist/client/dev/report-hmr-latency.js:13
[  233797ms] [LOG] [Fast Refresh] rebuilding @ webpack-internal:///(app-pages-browser)/./node_modules/next/dist/client/dev/hot-reloader/app/hot-reloader-app.js:196
[  233909ms] [LOG] [Fast Refresh] done in 112ms @ webpack-internal:///(app-pages-browser)/./node_modules/next/dist/client/dev/report-hmr-latency.js:13
[  234450ms] [LOG] [Fast Refresh] rebuilding @ webpack-internal:///(app-pages-browser)/./node_modules/next/dist/client/dev/hot-reloader/app/hot-reloader-app.js:196
[  234572ms] [LOG] [Fast Refresh] done in 121ms @ webpack-internal:///(app-pages-browser)/./node_modules/next/dist/client/dev/report-hmr-latency.js:13
[  234864ms] [LOG] [Fast Refresh] rebuilding @ webpack-internal:///(app-pages-browser)/./node_modules/next/dist/client/dev/hot-reloader/app/hot-reloader-app.js:196
[  234940ms] [LOG] [Fast Refresh] done in 76ms @ webpack-internal:///(app-pages-browser)/./node_modules/next/dist/client/dev/report-hmr-latency.js:13
[  235418ms] [LOG] [Fast Refresh] rebuilding @ webpack-internal:///(app-pages-browser)/./node_modules/next/dist/client/dev/hot-reloader/app/hot-reloader-app.js:196
[  235631ms] [LOG] [Fast Refresh] done in 213ms @ webpack-internal:///(app-pages-browser)/./node_modules/next/dist/client/dev/report-hmr-latency.js:13
[  236212ms] [LOG] [Fast Refresh] rebuilding @ webpack-internal:///(app-pages-browser)/./node_modules/next/dist/client/dev/hot-reloader/app/hot-reloader-app.js:196
[  236298ms] [LOG] [Fast Refresh] done in 87ms @ webpack-internal:///(app-pages-browser)/./node_modules/next/dist/client/dev/report-hmr-latency.js:13
[  236657ms] [LOG] [Fast Refresh] rebuilding @ webpack-internal:///(app-pages-browser)/./node_modules/next/dist/client/dev/hot-reloader/app/hot-reloader-app.js:196
[  236729ms] [LOG] [Fast Refresh] done in 72ms @ webpack-internal:///(app-pages-browser)/./node_modules/next/dist/client/dev/report-hmr-latency.js:13
[  237059ms] [LOG] [Fast Refresh] rebuilding @ webpack-internal:///(app-pages-browser)/./node_modules/next/dist/client/dev/hot-reloader/app/hot-reloader-app.js:196
[  237134ms] [LOG] [Fast Refresh] done in 75ms @ webpack-internal:///(app-pages-browser)/./node_modules/next/dist/client/dev/report-hmr-latency.js:13
[  237439ms] [LOG] [Fast Refresh] rebuilding @ webpack-internal:///(app-pages-browser)/./node_modules/next/dist/client/dev/hot-reloader/app/hot-reloader-app.js:196
[  237529ms] [LOG] [Fast Refresh] done in 90ms @ webpack-internal:///(app-pages-browser)/./node_modules/next/dist/client/dev/report-hmr-latency.js:13
[  237892ms] [LOG] [Fast Refresh] rebuilding @ webpack-internal:///(app-pages-browser)/./node_modules/next/dist/client/dev/hot-reloader/app/hot-reloader-app.js:196
[  237952ms] [LOG] [Fast Refresh] done in 59ms @ webpack-internal:///(app-pages-browser)/./node_modules/next/dist/client/dev/report-hmr-latency.js:13
[  238268ms] [LOG] [Fast Refresh] rebuilding @ webpack-internal:///(app-pages-browser)/./node_modules/next/dist/client/dev/hot-reloader/app/hot-reloader-app.js:196
[  238323ms] [LOG] [Fast Refresh] done in 56ms @ webpack-internal:///(app-pages-browser)/./node_modules/next/dist/client/dev/report-hmr-latency.js:13
[  238714ms] [LOG] [Fast Refresh] rebuilding @ webpack-internal:///(app-pages-browser)/./node_modules/next/dist/client/dev/hot-reloader/app/hot-reloader-app.js:196
[  238778ms] [LOG] [Fast Refresh] done in 64ms @ webpack-internal:///(app-pages-browser)/./node_modules/next/dist/client/dev/report-hmr-latency.js:13
[  239132ms] [LOG] [Fast Refresh] rebuilding @ webpack-internal:///(app-pages-browser)/./node_modules/next/dist/client/dev/hot-reloader/app/hot-reloader-app.js:196
[  239319ms] [LOG] [Fast Refresh] done in 187ms @ webpack-internal:///(app-pages-browser)/./node_modules/next/dist/client/dev/report-hmr-latency.js:13
[  239492ms] [LOG] [Fast Refresh] rebuilding @ webpack-internal:///(app-pages-browser)/./node_modules/next/dist/client/dev/hot-reloader/app/hot-reloader-app.js:196
[  239542ms] [LOG] [Fast Refresh] done in 50ms @ webpack-internal:///(app-pages-browser)/./node_modules/next/dist/client/dev/report-hmr-latency.js:13
[  239936ms] [LOG] [Fast Refresh] rebuilding @ webpack-internal:///(app-pages-browser)/./node_modules/next/dist/client/dev/hot-reloader/app/hot-reloader-app.js:196
[  240019ms] [LOG] [Fast Refresh] done in 84ms @ webpack-internal:///(app-pages-browser)/./node_modules/next/dist/client/dev/report-hmr-latency.js:13
[  240310ms] [LOG] [Fast Refresh] rebuilding @ webpack-internal:///(app-pages-browser)/./node_modules/next/dist/client/dev/hot-reloader/app/hot-reloader-app.js:196
[  240364ms] [LOG] [Fast Refresh] done in 53ms @ webpack-internal:///(app-pages-browser)/./node_modules/next/dist/client/dev/report-hmr-latency.js:13
[  240636ms] [LOG] [Fast Refresh] rebuilding @ webpack-internal:///(app-pages-browser)/./node_modules/next/dist/client/dev/hot-reloader/app/hot-reloader-app.js:196
[  240731ms] [LOG] [Fast Refresh] done in 96ms @ webpack-internal:///(app-pages-browser)/./node_modules/next/dist/client/dev/report-hmr-latency.js:13
[  241033ms] [LOG] [Fast Refresh] rebuilding @ webpack-internal:///(app-pages-browser)/./node_modules/next/dist/client/dev/hot-reloader/app/hot-reloader-app.js:196
[  241082ms] [LOG] [Fast Refresh] done in 50ms @ webpack-internal:///(app-pages-browser)/./node_modules/next/dist/client/dev/report-hmr-latency.js:13
[  241504ms] [LOG] [Fast Refresh] rebuilding @ webpack-internal:///(app-pages-browser)/./node_modules/next/dist/client/dev/hot-reloader/app/hot-reloader-app.js:196
[  241698ms] [LOG] [Fast Refresh] done in 193ms @ webpack-internal:///(app-pages-browser)/./node_modules/next/dist/client/dev/report-hmr-latency.js:13
[  241884ms] [LOG] [Fast Refresh] rebuilding @ webpack-internal:///(app-pages-browser)/./node_modules/next/dist/client/dev/hot-reloader/app/hot-reloader-app.js:196
[  241951ms] [LOG] [Fast Refresh] done in 67ms @ webpack-internal:///(app-pages-browser)/./node_modules/next/dist/client/dev/report-hmr-latency.js:13
[  242227ms] [LOG] [Fast Refresh] rebuilding @ webpack-internal:///(app-pages-browser)/./node_modules/next/dist/client/dev/hot-reloader/app/hot-reloader-app.js:196
[  242403ms] [LOG] [Fast Refresh] done in 175ms @ webpack-internal:///(app-pages-browser)/./node_modules/next/dist/client/dev/report-hmr-latency.js:13
[  242566ms] [LOG] [Fast Refresh] rebuilding @ webpack-internal:///(app-pages-browser)/./node_modules/next/dist/client/dev/hot-reloader/app/hot-reloader-app.js:196
[  242633ms] [LOG] [Fast Refresh] done in 68ms @ webpack-internal:///(app-pages-browser)/./node_modules/next/dist/client/dev/report-hmr-latency.js:13
[  243020ms] [LOG] [Fast Refresh] rebuilding @ webpack-internal:///(app-pages-browser)/./node_modules/next/dist/client/dev/hot-reloader/app/hot-reloader-app.js:196
[  243122ms] [LOG] [Fast Refresh] done in 101ms @ webpack-internal:///(app-pages-browser)/./node_modules/next/dist/client/dev/report-hmr-latency.js:13
[  243590ms] [LOG] [Fast Refresh] rebuilding @ webpack-internal:///(app-pages-browser)/./node_modules/next/dist/client/dev/hot-reloader/app/hot-reloader-app.js:196
[  243868ms] [LOG] [Fast Refresh] done in 277ms @ webpack-internal:///(app-pages-browser)/./node_modules/next/dist/client/dev/report-hmr-latency.js:13
[  244085ms] [LOG] [Fast Refresh] rebuilding @ webpack-internal:///(app-pages-browser)/./node_modules/next/dist/client/dev/hot-reloader/app/hot-reloader-app.js:196
[  244141ms] [LOG] [Fast Refresh] done in 55ms @ webpack-internal:///(app-pages-browser)/./node_modules/next/dist/client/dev/report-hmr-latency.js:13
[  244505ms] [LOG] [Fast Refresh] rebuilding @ webpack-internal:///(app-pages-browser)/./node_modules/next/dist/client/dev/hot-reloader/app/hot-reloader-app.js:196
[  244581ms] [LOG] [Fast Refresh] done in 76ms @ webpack-internal:///(app-pages-browser)/./node_modules/next/dist/client/dev/report-hmr-latency.js:13
[  244887ms] [LOG] [Fast Refresh] rebuilding @ webpack-internal:///(app-pages-browser)/./node_modules/next/dist/client/dev/hot-reloader/app/hot-reloader-app.js:196
[  244954ms] [LOG] [Fast Refresh] done in 67ms @ webpack-internal:///(app-pages-browser)/./node_modules/next/dist/client/dev/report-hmr-latency.js:13
[  245200ms] [LOG] [Fast Refresh] rebuilding @ webpack-internal:///(app-pages-browser)/./node_modules/next/dist/client/dev/hot-reloader/app/hot-reloader-app.js:196
[  245243ms] [LOG] [Fast Refresh] done in 44ms @ webpack-internal:///(app-pages-browser)/./node_modules/next/dist/client/dev/report-hmr-latency.js:13
[  245560ms] [LOG] [Fast Refresh] rebuilding @ webpack-internal:///(app-pages-browser)/./node_modules/next/dist/client/dev/hot-reloader/app/hot-reloader-app.js:196
[  245606ms] [LOG] [Fast Refresh] done in 47ms @ webpack-internal:///(app-pages-browser)/./node_modules/next/dist/client/dev/report-hmr-latency.js:13
[  245850ms] [LOG] [Fast Refresh] rebuilding @ webpack-internal:///(app-pages-browser)/./node_modules/next/dist/client/dev/hot-reloader/app/hot-reloader-app.js:196
[  245909ms] [LOG] [Fast Refresh] done in 58ms @ webpack-internal:///(app-pages-browser)/./node_modules/next/dist/client/dev/report-hmr-latency.js:13
[  246165ms] [LOG] [Fast Refresh] rebuilding @ webpack-internal:///(app-pages-browser)/./node_modules/next/dist/client/dev/hot-reloader/app/hot-reloader-app.js:196
[  246207ms] [LOG] [Fast Refresh] done in 43ms @ webpack-internal:///(app-pages-browser)/./node_modules/next/dist/client/dev/report-hmr-latency.js:13
[  246457ms] [LOG] [Fast Refresh] rebuilding @ webpack-internal:///(app-pages-browser)/./node_modules/next/dist/client/dev/hot-reloader/app/hot-reloader-app.js:196
[  246502ms] [LOG] [Fast Refresh] done in 44ms @ webpack-internal:///(app-pages-browser)/./node_modules/next/dist/client/dev/report-hmr-latency.js:13
[  246769ms] [LOG] [Fast Refresh] rebuilding @ webpack-internal:///(app-pages-browser)/./node_modules/next/dist/client/dev/hot-reloader/app/hot-reloader-app.js:196
[  246837ms] [LOG] [Fast Refresh] done in 67ms @ webpack-internal:///(app-pages-browser)/./node_modules/next/dist/client/dev/report-hmr-latency.js:13
[  247081ms] [LOG] [Fast Refresh] rebuilding @ webpack-internal:///(app-pages-browser)/./node_modules/next/dist/client/dev/hot-reloader/app/hot-reloader-app.js:196
[  247112ms] [LOG] [Fast Refresh] done in 32ms @ webpack-internal:///(app-pages-browser)/./node_modules/next/dist/client/dev/report-hmr-latency.js:13
[  247366ms] [LOG] [Fast Refresh] rebuilding @ webpack-internal:///(app-pages-browser)/./node_modules/next/dist/client/dev/hot-reloader/app/hot-reloader-app.js:196
[  247430ms] [LOG] [Fast Refresh] done in 64ms @ webpack-internal:///(app-pages-browser)/./node_modules/next/dist/client/dev/report-hmr-latency.js:13
[  247672ms] [LOG] [Fast Refresh] rebuilding @ webpack-internal:///(app-pages-browser)/./node_modules/next/dist/client/dev/hot-reloader/app/hot-reloader-app.js:196
[  247740ms] [LOG] [Fast Refresh] done in 68ms @ webpack-internal:///(app-pages-browser)/./node_modules/next/dist/client/dev/report-hmr-latency.js:13
[  248026ms] [LOG] [Fast Refresh] rebuilding @ webpack-internal:///(app-pages-browser)/./node_modules/next/dist/client/dev/hot-reloader/app/hot-reloader-app.js:196
[  248082ms] [LOG] [Fast Refresh] done in 56ms @ webpack-internal:///(app-pages-browser)/./node_modules/next/dist/client/dev/report-hmr-latency.js:13
[  248365ms] [LOG] [Fast Refresh] rebuilding @ webpack-internal:///(app-pages-browser)/./node_modules/next/dist/client/dev/hot-reloader/app/hot-reloader-app.js:196
[  248400ms] [LOG] [Fast Refresh] done in 34ms @ webpack-internal:///(app-pages-browser)/./node_modules/next/dist/client/dev/report-hmr-latency.js:13
[  248669ms] [LOG] [Fast Refresh] rebuilding @ webpack-internal:///(app-pages-browser)/./node_modules/next/dist/client/dev/hot-reloader/app/hot-reloader-app.js:196
[  248738ms] [LOG] [Fast Refresh] done in 68ms @ webpack-internal:///(app-pages-browser)/./node_modules/next/dist/client/dev/report-hmr-latency.js:13
[  248992ms] [LOG] [Fast Refresh] rebuilding @ webpack-internal:///(app-pages-browser)/./node_modules/next/dist/client/dev/hot-reloader/app/hot-reloader-app.js:196
[  249105ms] [LOG] [Fast Refresh] done in 113ms @ webpack-internal:///(app-pages-browser)/./node_modules/next/dist/client/dev/report-hmr-latency.js:13
[  249396ms] [LOG] [Fast Refresh] rebuilding @ webpack-internal:///(app-pages-browser)/./node_modules/next/dist/client/dev/hot-reloader/app/hot-reloader-app.js:196
[  249439ms] [LOG] [Fast Refresh] done in 43ms @ webpack-internal:///(app-pages-browser)/./node_modules/next/dist/client/dev/report-hmr-latency.js:13
[  249708ms] [LOG] [Fast Refresh] rebuilding @ webpack-internal:///(app-pages-browser)/./node_modules/next/dist/client/dev/hot-reloader/app/hot-reloader-app.js:196
[  249747ms] [LOG] [Fast Refresh] done in 40ms @ webpack-internal:///(app-pages-browser)/./node_modules/next/dist/client/dev/report-hmr-latency.js:13
[  250062ms] [LOG] [Fast Refresh] rebuilding @ webpack-internal:///(app-pages-browser)/./node_modules/next/dist/client/dev/hot-reloader/app/hot-reloader-app.js:196
[  250093ms] [LOG] [Fast Refresh] done in 30ms @ webpack-internal:///(app-pages-browser)/./node_modules/next/dist/client/dev/report-hmr-latency.js:13
[  250358ms] [LOG] [Fast Refresh] rebuilding @ webpack-internal:///(app-pages-browser)/./node_modules/next/dist/client/dev/hot-reloader/app/hot-reloader-app.js:196
[  250411ms] [LOG] [Fast Refresh] done in 52ms @ webpack-internal:///(app-pages-browser)/./node_modules/next/dist/client/dev/report-hmr-latency.js:13
[  250666ms] [LOG] [Fast Refresh] rebuilding @ webpack-internal:///(app-pages-browser)/./node_modules/next/dist/client/dev/hot-reloader/app/hot-reloader-app.js:196
[  250758ms] [LOG] [Fast Refresh] done in 91ms @ webpack-internal:///(app-pages-browser)/./node_modules/next/dist/client/dev/report-hmr-latency.js:13
[  251039ms] [LOG] [Fast Refresh] rebuilding @ webpack-internal:///(app-pages-browser)/./node_modules/next/dist/client/dev/hot-reloader/app/hot-reloader-app.js:196
[  251090ms] [LOG] [Fast Refresh] done in 50ms @ webpack-internal:///(app-pages-browser)/./node_modules/next/dist/client/dev/report-hmr-latency.js:13
[  251432ms] [LOG] [Fast Refresh] rebuilding @ webpack-internal:///(app-pages-browser)/./node_modules/next/dist/client/dev/hot-reloader/app/hot-reloader-app.js:196
[  251480ms] [LOG] [Fast Refresh] done in 47ms @ webpack-internal:///(app-pages-browser)/./node_modules/next/dist/client/dev/report-hmr-latency.js:13
[  251728ms] [LOG] [Fast Refresh] rebuilding @ webpack-internal:///(app-pages-browser)/./node_modules/next/dist/client/dev/hot-reloader/app/hot-reloader-app.js:196
[  251788ms] [LOG] [Fast Refresh] done in 60ms @ webpack-internal:///(app-pages-browser)/./node_modules/next/dist/client/dev/report-hmr-latency.js:13
[  252164ms] [LOG] [Fast Refresh] rebuilding @ webpack-internal:///(app-pages-browser)/./node_modules/next/dist/client/dev/hot-reloader/app/hot-reloader-app.js:196
[  252226ms] [LOG] [Fast Refresh] done in 61ms @ webpack-internal:///(app-pages-browser)/./node_modules/next/dist/client/dev/report-hmr-latency.js:13
[  252490ms] [LOG] [Fast Refresh] rebuilding @ webpack-internal:///(app-pages-browser)/./node_modules/next/dist/client/dev/hot-reloader/app/hot-reloader-app.js:196
[  252524ms] [LOG] [Fast Refresh] done in 35ms @ webpack-internal:///(app-pages-browser)/./node_modules/next/dist/client/dev/report-hmr-latency.js:13
[  252812ms] [LOG] [Fast Refresh] rebuilding @ webpack-internal:///(app-pages-browser)/./node_modules/next/dist/client/dev/hot-reloader/app/hot-reloader-app.js:196
[  252873ms] [LOG] [Fast Refresh] done in 61ms @ webpack-internal:///(app-pages-browser)/./node_modules/next/dist/client/dev/report-hmr-latency.js:13
[  253093ms] [LOG] [Fast Refresh] rebuilding @ webpack-internal:///(app-pages-browser)/./node_modules/next/dist/client/dev/hot-reloader/app/hot-reloader-app.js:196
[  253146ms] [LOG] [Fast Refresh] done in 53ms @ webpack-internal:///(app-pages-browser)/./node_modules/next/dist/client/dev/report-hmr-latency.js:13
[  253383ms] [LOG] [Fast Refresh] rebuilding @ webpack-internal:///(app-pages-browser)/./node_modules/next/dist/client/dev/hot-reloader/app/hot-reloader-app.js:196
[  253417ms] [LOG] [Fast Refresh] done in 34ms @ webpack-internal:///(app-pages-browser)/./node_modules/next/dist/client/dev/report-hmr-latency.js:13
[  253715ms] [LOG] [Fast Refresh] rebuilding @ webpack-internal:///(app-pages-browser)/./node_modules/next/dist/client/dev/hot-reloader/app/hot-reloader-app.js:196
[  253794ms] [LOG] [Fast Refresh] done in 79ms @ webpack-internal:///(app-pages-browser)/./node_modules/next/dist/client/dev/report-hmr-latency.js:13
[  254034ms] [LOG] [Fast Refresh] rebuilding @ webpack-internal:///(app-pages-browser)/./node_modules/next/dist/client/dev/hot-reloader/app/hot-reloader-app.js:196
[  254091ms] [LOG] [Fast Refresh] done in 57ms @ webpack-internal:///(app-pages-browser)/./node_modules/next/dist/client/dev/report-hmr-latency.js:13
[  254420ms] [LOG] [Fast Refresh] rebuilding @ webpack-internal:///(app-pages-browser)/./node_modules/next/dist/client/dev/hot-reloader/app/hot-reloader-app.js:196
[  254503ms] [LOG] [Fast Refresh] done in 83ms @ webpack-internal:///(app-pages-browser)/./node_modules/next/dist/client/dev/report-hmr-latency.js:13
[  254884ms] [LOG] [Fast Refresh] rebuilding @ webpack-internal:///(app-pages-browser)/./node_modules/next/dist/client/dev/hot-reloader/app/hot-reloader-app.js:196
[  254975ms] [LOG] [Fast Refresh] done in 91ms @ webpack-internal:///(app-pages-browser)/./node_modules/next/dist/client/dev/report-hmr-latency.js:13
[  255436ms] [LOG] [Fast Refresh] rebuilding @ webpack-internal:///(app-pages-browser)/./node_modules/next/dist/client/dev/hot-reloader/app/hot-reloader-app.js:196
[  255572ms] [LOG] [Fast Refresh] done in 137ms @ webpack-internal:///(app-pages-browser)/./node_modules/next/dist/client/dev/report-hmr-latency.js:13
[  255832ms] [LOG] [Fast Refresh] rebuilding @ webpack-internal:///(app-pages-browser)/./node_modules/next/dist/client/dev/hot-reloader/app/hot-reloader-app.js:196
[  255876ms] [LOG] [Fast Refresh] done in 45ms @ webpack-internal:///(app-pages-browser)/./node_modules/next/dist/client/dev/report-hmr-latency.js:13
[  256155ms] [LOG] [Fast Refresh] rebuilding @ webpack-internal:///(app-pages-browser)/./node_modules/next/dist/client/dev/hot-reloader/app/hot-reloader-app.js:196
[  256214ms] [LOG] [Fast Refresh] done in 58ms @ webpack-internal:///(app-pages-browser)/./node_modules/next/dist/client/dev/report-hmr-latency.js:13
[  256506ms] [LOG] [Fast Refresh] rebuilding @ webpack-internal:///(app-pages-browser)/./node_modules/next/dist/client/dev/hot-reloader/app/hot-reloader-app.js:196
[  256574ms] [LOG] [Fast Refresh] done in 67ms @ webpack-internal:///(app-pages-browser)/./node_modules/next/dist/client/dev/report-hmr-latency.js:13
[  257046ms] [LOG] [Fast Refresh] rebuilding @ webpack-internal:///(app-pages-browser)/./node_modules/next/dist/client/dev/hot-reloader/app/hot-reloader-app.js:196
[  257135ms] [LOG] [Fast Refresh] done in 89ms @ webpack-internal:///(app-pages-browser)/./node_modules/next/dist/client/dev/report-hmr-latency.js:13
[  257510ms] [LOG] [Fast Refresh] rebuilding @ webpack-internal:///(app-pages-browser)/./node_modules/next/dist/client/dev/hot-reloader/app/hot-reloader-app.js:196
[  257591ms] [LOG] [Fast Refresh] done in 82ms @ webpack-internal:///(app-pages-browser)/./node_modules/next/dist/client/dev/report-hmr-latency.js:13
[  257969ms] [LOG] [Fast Refresh] rebuilding @ webpack-internal:///(app-pages-browser)/./node_modules/next/dist/client/dev/hot-reloader/app/hot-reloader-app.js:196
[  258055ms] [LOG] [Fast Refresh] done in 87ms @ webpack-internal:///(app-pages-browser)/./node_modules/next/dist/client/dev/report-hmr-latency.js:13
[  258338ms] [LOG] [Fast Refresh] rebuilding @ webpack-internal:///(app-pages-browser)/./node_modules/next/dist/client/dev/hot-reloader/app/hot-reloader-app.js:196
[  258397ms] [LOG] [Fast Refresh] done in 60ms @ webpack-internal:///(app-pages-browser)/./node_modules/next/dist/client/dev/report-hmr-latency.js:13
[  258696ms] [LOG] [Fast Refresh] rebuilding @ webpack-internal:///(app-pages-browser)/./node_modules/next/dist/client/dev/hot-reloader/app/hot-reloader-app.js:196
[  258751ms] [LOG] [Fast Refresh] done in 55ms @ webpack-internal:///(app-pages-browser)/./node_modules/next/dist/client/dev/report-hmr-latency.js:13
[  259101ms] [LOG] [Fast Refresh] rebuilding @ webpack-internal:///(app-pages-browser)/./node_modules/next/dist/client/dev/hot-reloader/app/hot-reloader-app.js:196
[  259293ms] [LOG] [Fast Refresh] done in 193ms @ webpack-internal:///(app-pages-browser)/./node_modules/next/dist/client/dev/report-hmr-latency.js:13
[  259596ms] [LOG] [Fast Refresh] rebuilding @ webpack-internal:///(app-pages-browser)/./node_modules/next/dist/client/dev/hot-reloader/app/hot-reloader-app.js:196
[  259810ms] [LOG] [Fast Refresh] done in 214ms @ webpack-internal:///(app-pages-browser)/./node_modules/next/dist/client/dev/report-hmr-latency.js:13
[  260519ms] [LOG] [Fast Refresh] rebuilding @ webpack-internal:///(app-pages-browser)/./node_modules/next/dist/client/dev/hot-reloader/app/hot-reloader-app.js:196
[  260599ms] [LOG] [Fast Refresh] done in 81ms @ webpack-internal:///(app-pages-browser)/./node_modules/next/dist/client/dev/report-hmr-latency.js:13
[  260932ms] [LOG] [Fast Refresh] rebuilding @ webpack-internal:///(app-pages-browser)/./node_modules/next/dist/client/dev/hot-reloader/app/hot-reloader-app.js:196
[  260990ms] [LOG] [Fast Refresh] done in 58ms @ webpack-internal:///(app-pages-browser)/./node_modules/next/dist/client/dev/report-hmr-latency.js:13
[  261319ms] [LOG] [Fast Refresh] rebuilding @ webpack-internal:///(app-pages-browser)/./node_modules/next/dist/client/dev/hot-reloader/app/hot-reloader-app.js:196
[  261371ms] [LOG] [Fast Refresh] done in 52ms @ webpack-internal:///(app-pages-browser)/./node_modules/next/dist/client/dev/report-hmr-latency.js:13
[  261733ms] [LOG] [Fast Refresh] rebuilding @ webpack-internal:///(app-pages-browser)/./node_modules/next/dist/client/dev/hot-reloader/app/hot-reloader-app.js:196
[  261843ms] [LOG] [Fast Refresh] done in 110ms @ webpack-internal:///(app-pages-browser)/./node_modules/next/dist/client/dev/report-hmr-latency.js:13
[  262258ms] [LOG] [Fast Refresh] rebuilding @ webpack-internal:///(app-pages-browser)/./node_modules/next/dist/client/dev/hot-reloader/app/hot-reloader-app.js:196
[  262378ms] [LOG] [Fast Refresh] done in 121ms @ webpack-internal:///(app-pages-browser)/./node_modules/next/dist/client/dev/report-hmr-latency.js:13
[  262861ms] [LOG] [Fast Refresh] rebuilding @ webpack-internal:///(app-pages-browser)/./node_modules/next/dist/client/dev/hot-reloader/app/hot-reloader-app.js:196
[  263064ms] [LOG] [Fast Refresh] done in 203ms @ webpack-internal:///(app-pages-browser)/./node_modules/next/dist/client/dev/report-hmr-latency.js:13
[  263207ms] [LOG] [Fast Refresh] rebuilding @ webpack-internal:///(app-pages-browser)/./node_modules/next/dist/client/dev/hot-reloader/app/hot-reloader-app.js:196
[  263282ms] [LOG] [Fast Refresh] done in 75ms @ webpack-internal:///(app-pages-browser)/./node_modules/next/dist/client/dev/report-hmr-latency.js:13
[  263544ms] [LOG] [Fast Refresh] rebuilding @ webpack-internal:///(app-pages-browser)/./node_modules/next/dist/client/dev/hot-reloader/app/hot-reloader-app.js:196
[  263592ms] [LOG] [Fast Refresh] done in 48ms @ webpack-internal:///(app-pages-browser)/./node_modules/next/dist/client/dev/report-hmr-latency.js:13
[  263833ms] [LOG] [Fast Refresh] rebuilding @ webpack-internal:///(app-pages-browser)/./node_modules/next/dist/client/dev/hot-reloader/app/hot-reloader-app.js:196
[  263881ms] [LOG] [Fast Refresh] done in 49ms @ webpack-internal:///(app-pages-browser)/./node_modules/next/dist/client/dev/report-hmr-latency.js:13
[  264163ms] [LOG] [Fast Refresh] rebuilding @ webpack-internal:///(app-pages-browser)/./node_modules/next/dist/client/dev/hot-reloader/app/hot-reloader-app.js:196
[  264219ms] [LOG] [Fast Refresh] done in 56ms @ webpack-internal:///(app-pages-browser)/./node_modules/next/dist/client/dev/report-hmr-latency.js:13
[  264393ms] [LOG] [Fast Refresh] rebuilding @ webpack-internal:///(app-pages-browser)/./node_modules/next/dist/client/dev/hot-reloader/app/hot-reloader-app.js:196
[  264424ms] [LOG] [Fast Refresh] done in 31ms @ webpack-internal:///(app-pages-browser)/./node_modules/next/dist/client/dev/report-hmr-latency.js:13
[  264645ms] [LOG] [Fast Refresh] rebuilding @ webpack-internal:///(app-pages-browser)/./node_modules/next/dist/client/dev/hot-reloader/app/hot-reloader-app.js:196
[  264765ms] [LOG] [Fast Refresh] done in 120ms @ webpack-internal:///(app-pages-browser)/./node_modules/next/dist/client/dev/report-hmr-latency.js:13
[  265487ms] [LOG] [Fast Refresh] rebuilding @ webpack-internal:///(app-pages-browser)/./node_modules/next/dist/client/dev/hot-reloader/app/hot-reloader-app.js:196
[  265581ms] [LOG] [Fast Refresh] done in 94ms @ webpack-internal:///(app-pages-browser)/./node_modules/next/dist/client/dev/report-hmr-latency.js:13
[  265821ms] [LOG] [Fast Refresh] rebuilding @ webpack-internal:///(app-pages-browser)/./node_modules/next/dist/client/dev/hot-reloader/app/hot-reloader-app.js:196
[  265874ms] [LOG] [Fast Refresh] done in 53ms @ webpack-internal:///(app-pages-browser)/./node_modules/next/dist/client/dev/report-hmr-latency.js:13
[  266097ms] [LOG] [Fast Refresh] rebuilding @ webpack-internal:///(app-pages-browser)/./node_modules/next/dist/client/dev/hot-reloader/app/hot-reloader-app.js:196
[  266147ms] [LOG] [Fast Refresh] done in 50ms @ webpack-internal:///(app-pages-browser)/./node_modules/next/dist/client/dev/report-hmr-latency.js:13
[  266395ms] [LOG] [Fast Refresh] rebuilding @ webpack-internal:///(app-pages-browser)/./node_modules/next/dist/client/dev/hot-reloader/app/hot-reloader-app.js:196
[  266453ms] [LOG] [Fast Refresh] done in 57ms @ webpack-internal:///(app-pages-browser)/./node_modules/next/dist/client/dev/report-hmr-latency.js:13
[  266723ms] [LOG] [Fast Refresh] rebuilding @ webpack-internal:///(app-pages-browser)/./node_modules/next/dist/client/dev/hot-reloader/app/hot-reloader-app.js:196
[  266763ms] [LOG] [Fast Refresh] done in 40ms @ webpack-internal:///(app-pages-browser)/./node_modules/next/dist/client/dev/report-hmr-latency.js:13
[  267065ms] [LOG] [Fast Refresh] rebuilding @ webpack-internal:///(app-pages-browser)/./node_modules/next/dist/client/dev/hot-reloader/app/hot-reloader-app.js:196
[  267099ms] [LOG] [Fast Refresh] done in 35ms @ webpack-internal:///(app-pages-browser)/./node_modules/next/dist/client/dev/report-hmr-latency.js:13
[  267356ms] [LOG] [Fast Refresh] rebuilding @ webpack-internal:///(app-pages-browser)/./node_modules/next/dist/client/dev/hot-reloader/app/hot-reloader-app.js:196
[  267386ms] [LOG] [Fast Refresh] done in 30ms @ webpack-internal:///(app-pages-browser)/./node_modules/next/dist/client/dev/report-hmr-latency.js:13
[  267657ms] [LOG] [Fast Refresh] rebuilding @ webpack-internal:///(app-pages-browser)/./node_modules/next/dist/client/dev/hot-reloader/app/hot-reloader-app.js:196
[  267771ms] [LOG] [Fast Refresh] done in 115ms @ webpack-internal:///(app-pages-browser)/./node_modules/next/dist/client/dev/report-hmr-latency.js:13
[  267910ms] [LOG] [Fast Refresh] rebuilding @ webpack-internal:///(app-pages-browser)/./node_modules/next/dist/client/dev/hot-reloader/app/hot-reloader-app.js:196
[  268005ms] [LOG] [Fast Refresh] done in 96ms @ webpack-internal:///(app-pages-browser)/./node_modules/next/dist/client/dev/report-hmr-latency.js:13
[  268304ms] [LOG] [Fast Refresh] rebuilding @ webpack-internal:///(app-pages-browser)/./node_modules/next/dist/client/dev/hot-reloader/app/hot-reloader-app.js:196
[  268408ms] [LOG] [Fast Refresh] done in 103ms @ webpack-internal:///(app-pages-browser)/./node_modules/next/dist/client/dev/report-hmr-latency.js:13
[  268801ms] [LOG] [Fast Refresh] rebuilding @ webpack-internal:///(app-pages-browser)/./node_modules/next/dist/client/dev/hot-reloader/app/hot-reloader-app.js:196
[  268863ms] [LOG] [Fast Refresh] done in 61ms @ webpack-internal:///(app-pages-browser)/./node_modules/next/dist/client/dev/report-hmr-latency.js:13
[  269201ms] [LOG] [Fast Refresh] rebuilding @ webpack-internal:///(app-pages-browser)/./node_modules/next/dist/client/dev/hot-reloader/app/hot-reloader-app.js:196
[  269247ms] [LOG] [Fast Refresh] done in 47ms @ webpack-internal:///(app-pages-browser)/./node_modules/next/dist/client/dev/report-hmr-latency.js:13
[  269679ms] [LOG] [Fast Refresh] rebuilding @ webpack-internal:///(app-pages-browser)/./node_modules/next/dist/client/dev/hot-reloader/app/hot-reloader-app.js:196
[  269746ms] [LOG] [Fast Refresh] done in 67ms @ webpack-internal:///(app-pages-browser)/./node_modules/next/dist/client/dev/report-hmr-latency.js:13
[  270037ms] [LOG] [Fast Refresh] rebuilding @ webpack-internal:///(app-pages-browser)/./node_modules/next/dist/client/dev/hot-reloader/app/hot-reloader-app.js:196
[  270077ms] [LOG] [Fast Refresh] done in 39ms @ webpack-internal:///(app-pages-browser)/./node_modules/next/dist/client/dev/report-hmr-latency.js:13
[  270410ms] [LOG] [Fast Refresh] rebuilding @ webpack-internal:///(app-pages-browser)/./node_modules/next/dist/client/dev/hot-reloader/app/hot-reloader-app.js:196
[  270481ms] [LOG] [Fast Refresh] done in 71ms @ webpack-internal:///(app-pages-browser)/./node_modules/next/dist/client/dev/report-hmr-latency.js:13
[  270745ms] [LOG] [Fast Refresh] rebuilding @ webpack-internal:///(app-pages-browser)/./node_modules/next/dist/client/dev/hot-reloader/app/hot-reloader-app.js:196
[  270781ms] [LOG] [Fast Refresh] done in 37ms @ webpack-internal:///(app-pages-browser)/./node_modules/next/dist/client/dev/report-hmr-latency.js:13
[  271212ms] [LOG] [Fast Refresh] rebuilding @ webpack-internal:///(app-pages-browser)/./node_modules/next/dist/client/dev/hot-reloader/app/hot-reloader-app.js:196
[  271330ms] [LOG] [Fast Refresh] done in 119ms @ webpack-internal:///(app-pages-browser)/./node_modules/next/dist/client/dev/report-hmr-latency.js:13
[  271648ms] [LOG] [Fast Refresh] rebuilding @ webpack-internal:///(app-pages-browser)/./node_modules/next/dist/client/dev/hot-reloader/app/hot-reloader-app.js:196
[  271742ms] [LOG] [Fast Refresh] done in 94ms @ webpack-internal:///(app-pages-browser)/./node_modules/next/dist/client/dev/report-hmr-latency.js:13
[  271998ms] [LOG] [Fast Refresh] rebuilding @ webpack-internal:///(app-pages-browser)/./node_modules/next/dist/client/dev/hot-reloader/app/hot-reloader-app.js:196
[  272044ms] [LOG] [Fast Refresh] done in 46ms @ webpack-internal:///(app-pages-browser)/./node_modules/next/dist/client/dev/report-hmr-latency.js:13
[  272304ms] [LOG] [Fast Refresh] rebuilding @ webpack-internal:///(app-pages-browser)/./node_modules/next/dist/client/dev/hot-reloader/app/hot-reloader-app.js:196
[  272370ms] [LOG] [Fast Refresh] done in 67ms @ webpack-internal:///(app-pages-browser)/./node_modules/next/dist/client/dev/report-hmr-latency.js:13
[  272706ms] [LOG] [Fast Refresh] rebuilding @ webpack-internal:///(app-pages-browser)/./node_modules/next/dist/client/dev/hot-reloader/app/hot-reloader-app.js:196
[  272742ms] [LOG] [Fast Refresh] done in 37ms @ webpack-internal:///(app-pages-browser)/./node_modules/next/dist/client/dev/report-hmr-latency.js:13
[  272982ms] [LOG] [Fast Refresh] rebuilding @ webpack-internal:///(app-pages-browser)/./node_modules/next/dist/client/dev/hot-reloader/app/hot-reloader-app.js:196
[  273123ms] [LOG] [Fast Refresh] done in 141ms @ webpack-internal:///(app-pages-browser)/./node_modules/next/dist/client/dev/report-hmr-latency.js:13
[  273261ms] [LOG] [Fast Refresh] rebuilding @ webpack-internal:///(app-pages-browser)/./node_modules/next/dist/client/dev/hot-reloader/app/hot-reloader-app.js:196
[  273332ms] [LOG] [Fast Refresh] done in 70ms @ webpack-internal:///(app-pages-browser)/./node_modules/next/dist/client/dev/report-hmr-latency.js:13
[  273564ms] [LOG] [Fast Refresh] rebuilding @ webpack-internal:///(app-pages-browser)/./node_modules/next/dist/client/dev/hot-reloader/app/hot-reloader-app.js:196
[  273592ms] [LOG] [Fast Refresh] done in 28ms @ webpack-internal:///(app-pages-browser)/./node_modules/next/dist/client/dev/report-hmr-latency.js:13
[  274172ms] [LOG] [Fast Refresh] rebuilding @ webpack-internal:///(app-pages-browser)/./node_modules/next/dist/client/dev/hot-reloader/app/hot-reloader-app.js:196
[  274468ms] [LOG] [Fast Refresh] done in 296ms @ webpack-internal:///(app-pages-browser)/./node_modules/next/dist/client/dev/report-hmr-latency.js:13
[  274630ms] [LOG] [Fast Refresh] rebuilding @ webpack-internal:///(app-pages-browser)/./node_modules/next/dist/client/dev/hot-reloader/app/hot-reloader-app.js:196
[  274688ms] [LOG] [Fast Refresh] done in 57ms @ webpack-internal:///(app-pages-browser)/./node_modules/next/dist/client/dev/report-hmr-latency.js:13
[  274911ms] [LOG] [Fast Refresh] rebuilding @ webpack-internal:///(app-pages-browser)/./node_modules/next/dist/client/dev/hot-reloader/app/hot-reloader-app.js:196
[  274945ms] [LOG] [Fast Refresh] done in 33ms @ webpack-internal:///(app-pages-browser)/./node_modules/next/dist/client/dev/report-hmr-latency.js:13
[  275207ms] [LOG] [Fast Refresh] rebuilding @ webpack-internal:///(app-pages-browser)/./node_modules/next/dist/client/dev/hot-reloader/app/hot-reloader-app.js:196
[  275236ms] [LOG] [Fast Refresh] done in 30ms @ webpack-internal:///(app-pages-browser)/./node_modules/next/dist/client/dev/report-hmr-latency.js:13
[  275514ms] [LOG] [Fast Refresh] rebuilding @ webpack-internal:///(app-pages-browser)/./node_modules/next/dist/client/dev/hot-reloader/app/hot-reloader-app.js:196
[  275588ms] [LOG] [Fast Refresh] done in 74ms @ webpack-internal:///(app-pages-browser)/./node_modules/next/dist/client/dev/report-hmr-latency.js:13
[  275817ms] [LOG] [Fast Refresh] rebuilding @ webpack-internal:///(app-pages-browser)/./node_modules/next/dist/client/dev/hot-reloader/app/hot-reloader-app.js:196
[  275877ms] [LOG] [Fast Refresh] done in 60ms @ webpack-internal:///(app-pages-browser)/./node_modules/next/dist/client/dev/report-hmr-latency.js:13
[  276130ms] [LOG] [Fast Refresh] rebuilding @ webpack-internal:///(app-pages-browser)/./node_modules/next/dist/client/dev/hot-reloader/app/hot-reloader-app.js:196
[  276172ms] [LOG] [Fast Refresh] done in 43ms @ webpack-internal:///(app-pages-browser)/./node_modules/next/dist/client/dev/report-hmr-latency.js:13
[  276408ms] [LOG] [Fast Refresh] rebuilding @ webpack-internal:///(app-pages-browser)/./node_modules/next/dist/client/dev/hot-reloader/app/hot-reloader-app.js:196
[  276450ms] [LOG] [Fast Refresh] done in 42ms @ webpack-internal:///(app-pages-browser)/./node_modules/next/dist/client/dev/report-hmr-latency.js:13
[  276706ms] [LOG] [Fast Refresh] rebuilding @ webpack-internal:///(app-pages-browser)/./node_modules/next/dist/client/dev/hot-reloader/app/hot-reloader-app.js:196
[  276751ms] [LOG] [Fast Refresh] done in 45ms @ webpack-internal:///(app-pages-browser)/./node_modules/next/dist/client/dev/report-hmr-latency.js:13
[  276991ms] [LOG] [Fast Refresh] rebuilding @ webpack-internal:///(app-pages-browser)/./node_modules/next/dist/client/dev/hot-reloader/app/hot-reloader-app.js:196
[  277059ms] [LOG] [Fast Refresh] done in 68ms @ webpack-internal:///(app-pages-browser)/./node_modules/next/dist/client/dev/report-hmr-latency.js:13
[  277256ms] [LOG] [Fast Refresh] rebuilding @ webpack-internal:///(app-pages-browser)/./node_modules/next/dist/client/dev/hot-reloader/app/hot-reloader-app.js:196
[  277293ms] [LOG] [Fast Refresh] done in 38ms @ webpack-internal:///(app-pages-browser)/./node_modules/next/dist/client/dev/report-hmr-latency.js:13
[  277659ms] [LOG] [Fast Refresh] rebuilding @ webpack-internal:///(app-pages-browser)/./node_modules/next/dist/client/dev/hot-reloader/app/hot-reloader-app.js:196
[  277713ms] [LOG] [Fast Refresh] done in 53ms @ webpack-internal:///(app-pages-browser)/./node_modules/next/dist/client/dev/report-hmr-latency.js:13
[  278038ms] [LOG] [Fast Refresh] rebuilding @ webpack-internal:///(app-pages-browser)/./node_modules/next/dist/client/dev/hot-reloader/app/hot-reloader-app.js:196
[  278089ms] [LOG] [Fast Refresh] done in 50ms @ webpack-internal:///(app-pages-browser)/./node_modules/next/dist/client/dev/report-hmr-latency.js:13
[  278338ms] [LOG] [Fast Refresh] rebuilding @ webpack-internal:///(app-pages-browser)/./node_modules/next/dist/client/dev/hot-reloader/app/hot-reloader-app.js:196
[  278491ms] [LOG] [Fast Refresh] done in 152ms @ webpack-internal:///(app-pages-browser)/./node_modules/next/dist/client/dev/report-hmr-latency.js:13
[  278615ms] [LOG] [Fast Refresh] rebuilding @ webpack-internal:///(app-pages-browser)/./node_modules/next/dist/client/dev/hot-reloader/app/hot-reloader-app.js:196
[  278689ms] [LOG] [Fast Refresh] done in 73ms @ webpack-internal:///(app-pages-browser)/./node_modules/next/dist/client/dev/report-hmr-latency.js:13
[  278953ms] [LOG] [Fast Refresh] rebuilding @ webpack-internal:///(app-pages-browser)/./node_modules/next/dist/client/dev/hot-reloader/app/hot-reloader-app.js:196
[  279019ms] [LOG] [Fast Refresh] done in 66ms @ webpack-internal:///(app-pages-browser)/./node_modules/next/dist/client/dev/report-hmr-latency.js:13
[  279285ms] [LOG] [Fast Refresh] rebuilding @ webpack-internal:///(app-pages-browser)/./node_modules/next/dist/client/dev/hot-reloader/app/hot-reloader-app.js:196
[  279315ms] [LOG] [Fast Refresh] done in 30ms @ webpack-internal:///(app-pages-browser)/./node_modules/next/dist/client/dev/report-hmr-latency.js:13
[  279539ms] [LOG] [Fast Refresh] rebuilding @ webpack-internal:///(app-pages-browser)/./node_modules/next/dist/client/dev/hot-reloader/app/hot-reloader-app.js:196
[  279593ms] [LOG] [Fast Refresh] done in 55ms @ webpack-internal:///(app-pages-browser)/./node_modules/next/dist/client/dev/report-hmr-latency.js:13
[  279847ms] [LOG] [Fast Refresh] rebuilding @ webpack-internal:///(app-pages-browser)/./node_modules/next/dist/client/dev/hot-reloader/app/hot-reloader-app.js:196
[  279924ms] [LOG] [Fast Refresh] done in 77ms @ webpack-internal:///(app-pages-browser)/./node_modules/next/dist/client/dev/report-hmr-latency.js:13
[  280134ms] [LOG] [Fast Refresh] rebuilding @ webpack-internal:///(app-pages-browser)/./node_modules/next/dist/client/dev/hot-reloader/app/hot-reloader-app.js:196
[  280170ms] [LOG] [Fast Refresh] done in 37ms @ webpack-internal:///(app-pages-browser)/./node_modules/next/dist/client/dev/report-hmr-latency.js:13
[  280411ms] [LOG] [Fast Refresh] rebuilding @ webpack-internal:///(app-pages-browser)/./node_modules/next/dist/client/dev/hot-reloader/app/hot-reloader-app.js:196
[  280473ms] [LOG] [Fast Refresh] done in 62ms @ webpack-internal:///(app-pages-browser)/./node_modules/next/dist/client/dev/report-hmr-latency.js:13
[  280714ms] [LOG] [Fast Refresh] rebuilding @ webpack-internal:///(app-pages-browser)/./node_modules/next/dist/client/dev/hot-reloader/app/hot-reloader-app.js:196
[  280758ms] [LOG] [Fast Refresh] done in 44ms @ webpack-internal:///(app-pages-browser)/./node_modules/next/dist/client/dev/report-hmr-latency.js:13
[  281032ms] [LOG] [Fast Refresh] rebuilding @ webpack-internal:///(app-pages-browser)/./node_modules/next/dist/client/dev/hot-reloader/app/hot-reloader-app.js:196
[  281074ms] [LOG] [Fast Refresh] done in 43ms @ webpack-internal:///(app-pages-browser)/./node_modules/next/dist/client/dev/report-hmr-latency.js:13
[  281318ms] [LOG] [Fast Refresh] rebuilding @ webpack-internal:///(app-pages-browser)/./node_modules/next/dist/client/dev/hot-reloader/app/hot-reloader-app.js:196
[  281390ms] [LOG] [Fast Refresh] done in 72ms @ webpack-internal:///(app-pages-browser)/./node_modules/next/dist/client/dev/report-hmr-latency.js:13
[  281594ms] [LOG] [Fast Refresh] rebuilding @ webpack-internal:///(app-pages-browser)/./node_modules/next/dist/client/dev/hot-reloader/app/hot-reloader-app.js:196
[  281651ms] [LOG] [Fast Refresh] done in 56ms @ webpack-internal:///(app-pages-browser)/./node_modules/next/dist/client/dev/report-hmr-latency.js:13
[  281917ms] [LOG] [Fast Refresh] rebuilding @ webpack-internal:///(app-pages-browser)/./node_modules/next/dist/client/dev/hot-reloader/app/hot-reloader-app.js:196
[  282049ms] [LOG] [Fast Refresh] done in 131ms @ webpack-internal:///(app-pages-browser)/./node_modules/next/dist/client/dev/report-hmr-latency.js:13
[  282292ms] [LOG] [Fast Refresh] rebuilding @ webpack-internal:///(app-pages-browser)/./node_modules/next/dist/client/dev/hot-reloader/app/hot-reloader-app.js:196
[  282321ms] [LOG] [Fast Refresh] done in 29ms @ webpack-internal:///(app-pages-browser)/./node_modules/next/dist/client/dev/report-hmr-latency.js:13
[  282533ms] [LOG] [Fast Refresh] rebuilding @ webpack-internal:///(app-pages-browser)/./node_modules/next/dist/client/dev/hot-reloader/app/hot-reloader-app.js:196
[  282584ms] [LOG] [Fast Refresh] done in 50ms @ webpack-internal:///(app-pages-browser)/./node_modules/next/dist/client/dev/report-hmr-latency.js:13
[  282839ms] [LOG] [Fast Refresh] rebuilding @ webpack-internal:///(app-pages-browser)/./node_modules/next/dist/client/dev/hot-reloader/app/hot-reloader-app.js:196
[  282914ms] [LOG] [Fast Refresh] done in 76ms @ webpack-internal:///(app-pages-browser)/./node_modules/next/dist/client/dev/report-hmr-latency.js:13
[  283196ms] [LOG] [Fast Refresh] rebuilding @ webpack-internal:///(app-pages-browser)/./node_modules/next/dist/client/dev/hot-reloader/app/hot-reloader-app.js:196
[  283236ms] [LOG] [Fast Refresh] done in 40ms @ webpack-internal:///(app-pages-browser)/./node_modules/next/dist/client/dev/report-hmr-latency.js:13
[  283914ms] [LOG] [Fast Refresh] rebuilding @ webpack-internal:///(app-pages-browser)/./node_modules/next/dist/client/dev/hot-reloader/app/hot-reloader-app.js:196
[  284972ms] [LOG] [Fast Refresh] done in 1058ms @ webpack-internal:///(app-pages-browser)/./node_modules/next/dist/client/dev/report-hmr-latency.js:13
[  285438ms] [LOG] [Fast Refresh] rebuilding @ webpack-internal:///(app-pages-browser)/./node_modules/next/dist/client/dev/hot-reloader/app/hot-reloader-app.js:196
[  285677ms] [LOG] [Fast Refresh] done in 239ms @ webpack-internal:///(app-pages-browser)/./node_modules/next/dist/client/dev/report-hmr-latency.js:13
[  288885ms] [LOG] [Fast Refresh] done in 3448ms @ webpack-internal:///(app-pages-browser)/./node_modules/next/dist/client/dev/report-hmr-latency.js:13
[  288910ms] [LOG] [Fast Refresh] rebuilding @ webpack-internal:///(app-pages-browser)/./node_modules/next/dist/client/dev/hot-reloader/app/hot-reloader-app.js:196
[  289487ms] [LOG] [Fast Refresh] rebuilding @ webpack-internal:///(app-pages-browser)/./node_modules/next/dist/client/dev/hot-reloader/app/hot-reloader-app.js:196
[  289576ms] [LOG] [Fast Refresh] done in 89ms @ webpack-internal:///(app-pages-browser)/./node_modules/next/dist/client/dev/report-hmr-latency.js:13
[  290239ms] [LOG] [Fast Refresh] rebuilding @ webpack-internal:///(app-pages-browser)/./node_modules/next/dist/client/dev/hot-reloader/app/hot-reloader-app.js:196
[  290359ms] [LOG] [Fast Refresh] done in 120ms @ webpack-internal:///(app-pages-browser)/./node_modules/next/dist/client/dev/report-hmr-latency.js:13
[  290867ms] [LOG] [Fast Refresh] rebuilding @ webpack-internal:///(app-pages-browser)/./node_modules/next/dist/client/dev/hot-reloader/app/hot-reloader-app.js:196
[  290972ms] [LOG] [Fast Refresh] done in 105ms @ webpack-internal:///(app-pages-browser)/./node_modules/next/dist/client/dev/report-hmr-latency.js:13
[  291371ms] [LOG] [Fast Refresh] rebuilding @ webpack-internal:///(app-pages-browser)/./node_modules/next/dist/client/dev/hot-reloader/app/hot-reloader-app.js:196
[  291511ms] [LOG] [Fast Refresh] done in 140ms @ webpack-internal:///(app-pages-browser)/./node_modules/next/dist/client/dev/report-hmr-latency.js:13
[  292117ms] [LOG] [Fast Refresh] rebuilding @ webpack-internal:///(app-pages-browser)/./node_modules/next/dist/client/dev/hot-reloader/app/hot-reloader-app.js:196
[  292838ms] [LOG] [Fast Refresh] done in 721ms @ webpack-internal:///(app-pages-browser)/./node_modules/next/dist/client/dev/report-hmr-latency.js:13
[  293099ms] [LOG] [Fast Refresh] rebuilding @ webpack-internal:///(app-pages-browser)/./node_modules/next/dist/client/dev/hot-reloader/app/hot-reloader-app.js:196
[  293130ms] [LOG] [Fast Refresh] done in 30ms @ webpack-internal:///(app-pages-browser)/./node_modules/next/dist/client/dev/report-hmr-latency.js:13
[  293597ms] [LOG] [Fast Refresh] rebuilding @ webpack-internal:///(app-pages-browser)/./node_modules/next/dist/client/dev/hot-reloader/app/hot-reloader-app.js:196
[  293910ms] [LOG] [Fast Refresh] done in 314ms @ webpack-internal:///(app-pages-browser)/./node_modules/next/dist/client/dev/report-hmr-latency.js:13
[  294228ms] [LOG] [Fast Refresh] rebuilding @ webpack-internal:///(app-pages-browser)/./node_modules/next/dist/client/dev/hot-reloader/app/hot-reloader-app.js:196
[  294589ms] [LOG] [Fast Refresh] done in 360ms @ webpack-internal:///(app-pages-browser)/./node_modules/next/dist/client/dev/report-hmr-latency.js:13
[  294782ms] [LOG] [Fast Refresh] rebuilding @ webpack-internal:///(app-pages-browser)/./node_modules/next/dist/client/dev/hot-reloader/app/hot-reloader-app.js:196
[  294932ms] [LOG] [Fast Refresh] done in 150ms @ webpack-internal:///(app-pages-browser)/./node_modules/next/dist/client/dev/report-hmr-latency.js:13
[  295321ms] [LOG] [Fast Refresh] rebuilding @ webpack-internal:///(app-pages-browser)/./node_modules/next/dist/client/dev/hot-reloader/app/hot-reloader-app.js:196
[  295405ms] [LOG] [Fast Refresh] done in 85ms @ webpack-internal:///(app-pages-browser)/./node_modules/next/dist/client/dev/report-hmr-latency.js:13
[  295822ms] [LOG] [Fast Refresh] rebuilding @ webpack-internal:///(app-pages-browser)/./node_modules/next/dist/client/dev/hot-reloader/app/hot-reloader-app.js:196
[  295970ms] [LOG] [Fast Refresh] done in 148ms @ webpack-internal:///(app-pages-browser)/./node_modules/next/dist/client/dev/report-hmr-latency.js:13
[  296334ms] [LOG] [Fast Refresh] rebuilding @ webpack-internal:///(app-pages-browser)/./node_modules/next/dist/client/dev/hot-reloader/app/hot-reloader-app.js:196
[  296444ms] [LOG] [Fast Refresh] done in 110ms @ webpack-internal:///(app-pages-browser)/./node_modules/next/dist/client/dev/report-hmr-latency.js:13
[  296975ms] [LOG] [Fast Refresh] rebuilding @ webpack-internal:///(app-pages-browser)/./node_modules/next/dist/client/dev/hot-reloader/app/hot-reloader-app.js:196
[  297144ms] [LOG] [Fast Refresh] done in 170ms @ webpack-internal:///(app-pages-browser)/./node_modules/next/dist/client/dev/report-hmr-latency.js:13
[  297515ms] [LOG] [Fast Refresh] rebuilding @ webpack-internal:///(app-pages-browser)/./node_modules/next/dist/client/dev/hot-reloader/app/hot-reloader-app.js:196
[  297822ms] [LOG] [Fast Refresh] done in 307ms @ webpack-internal:///(app-pages-browser)/./node_modules/next/dist/client/dev/report-hmr-latency.js:13
[  298009ms] [LOG] [Fast Refresh] rebuilding @ webpack-internal:///(app-pages-browser)/./node_modules/next/dist/client/dev/hot-reloader/app/hot-reloader-app.js:196
[  298089ms] [LOG] [Fast Refresh] done in 80ms @ webpack-internal:///(app-pages-browser)/./node_modules/next/dist/client/dev/report-hmr-latency.js:13
[  298491ms] [LOG] [Fast Refresh] rebuilding @ webpack-internal:///(app-pages-browser)/./node_modules/next/dist/client/dev/hot-reloader/app/hot-reloader-app.js:196
[  298580ms] [LOG] [Fast Refresh] done in 90ms @ webpack-internal:///(app-pages-browser)/./node_modules/next/dist/client/dev/report-hmr-latency.js:13
[  299013ms] [LOG] [Fast Refresh] rebuilding @ webpack-internal:///(app-pages-browser)/./node_modules/next/dist/client/dev/hot-reloader/app/hot-reloader-app.js:196
[  299331ms] [LOG] [Fast Refresh] done in 318ms @ webpack-internal:///(app-pages-browser)/./node_modules/next/dist/client/dev/report-hmr-latency.js:13
[  299533ms] [LOG] [Fast Refresh] rebuilding @ webpack-internal:///(app-pages-browser)/./node_modules/next/dist/client/dev/hot-reloader/app/hot-reloader-app.js:196
[  299664ms] [LOG] [Fast Refresh] done in 132ms @ webpack-internal:///(app-pages-browser)/./node_modules/next/dist/client/dev/report-hmr-latency.js:13
[  300076ms] [LOG] [Fast Refresh] rebuilding @ webpack-internal:///(app-pages-browser)/./node_modules/next/dist/client/dev/hot-reloader/app/hot-reloader-app.js:196
[  300215ms] [LOG] [Fast Refresh] done in 139ms @ webpack-internal:///(app-pages-browser)/./node_modules/next/dist/client/dev/report-hmr-latency.js:13
[  300477ms] [LOG] [Fast Refresh] rebuilding @ webpack-internal:///(app-pages-browser)/./node_modules/next/dist/client/dev/hot-reloader/app/hot-reloader-app.js:196
[  300532ms] [LOG] [Fast Refresh] done in 55ms @ webpack-internal:///(app-pages-browser)/./node_modules/next/dist/client/dev/report-hmr-latency.js:13
[  300835ms] [LOG] [Fast Refresh] rebuilding @ webpack-internal:///(app-pages-browser)/./node_modules/next/dist/client/dev/hot-reloader/app/hot-reloader-app.js:196
[  300886ms] [LOG] [Fast Refresh] done in 51ms @ webpack-internal:///(app-pages-browser)/./node_modules/next/dist/client/dev/report-hmr-latency.js:13
[  301191ms] [LOG] [Fast Refresh] rebuilding @ webpack-internal:///(app-pages-browser)/./node_modules/next/dist/client/dev/hot-reloader/app/hot-reloader-app.js:196
[  301254ms] [LOG] [Fast Refresh] done in 62ms @ webpack-internal:///(app-pages-browser)/./node_modules/next/dist/client/dev/report-hmr-latency.js:13
[  301569ms] [LOG] [Fast Refresh] rebuilding @ webpack-internal:///(app-pages-browser)/./node_modules/next/dist/client/dev/hot-reloader/app/hot-reloader-app.js:196
[  301648ms] [LOG] [Fast Refresh] done in 79ms @ webpack-internal:///(app-pages-browser)/./node_modules/next/dist/client/dev/report-hmr-latency.js:13
[  302008ms] [LOG] [Fast Refresh] rebuilding @ webpack-internal:///(app-pages-browser)/./node_modules/next/dist/client/dev/hot-reloader/app/hot-reloader-app.js:196
[  302068ms] [LOG] [Fast Refresh] done in 59ms @ webpack-internal:///(app-pages-browser)/./node_modules/next/dist/client/dev/report-hmr-latency.js:13
[  302395ms] [LOG] [Fast Refresh] rebuilding @ webpack-internal:///(app-pages-browser)/./node_modules/next/dist/client/dev/hot-reloader/app/hot-reloader-app.js:196
[  302437ms] [LOG] [Fast Refresh] done in 43ms @ webpack-internal:///(app-pages-browser)/./node_modules/next/dist/client/dev/report-hmr-latency.js:13
[  302788ms] [LOG] [Fast Refresh] rebuilding @ webpack-internal:///(app-pages-browser)/./node_modules/next/dist/client/dev/hot-reloader/app/hot-reloader-app.js:196
[  302876ms] [LOG] [Fast Refresh] done in 88ms @ webpack-internal:///(app-pages-browser)/./node_modules/next/dist/client/dev/report-hmr-latency.js:13
[  303188ms] [LOG] [Fast Refresh] rebuilding @ webpack-internal:///(app-pages-browser)/./node_modules/next/dist/client/dev/hot-reloader/app/hot-reloader-app.js:196
[  303260ms] [LOG] [Fast Refresh] done in 73ms @ webpack-internal:///(app-pages-browser)/./node_modules/next/dist/client/dev/report-hmr-latency.js:13
[  303521ms] [LOG] [Fast Refresh] rebuilding @ webpack-internal:///(app-pages-browser)/./node_modules/next/dist/client/dev/hot-reloader/app/hot-reloader-app.js:196
[  303582ms] [LOG] [Fast Refresh] done in 61ms @ webpack-internal:///(app-pages-browser)/./node_modules/next/dist/client/dev/report-hmr-latency.js:13
[  303898ms] [LOG] [Fast Refresh] rebuilding @ webpack-internal:///(app-pages-browser)/./node_modules/next/dist/client/dev/hot-reloader/app/hot-reloader-app.js:196
[  303976ms] [LOG] [Fast Refresh] done in 78ms @ webpack-internal:///(app-pages-browser)/./node_modules/next/dist/client/dev/report-hmr-latency.js:13
[  304324ms] [LOG] [Fast Refresh] rebuilding @ webpack-internal:///(app-pages-browser)/./node_modules/next/dist/client/dev/hot-reloader/app/hot-reloader-app.js:196
[  304407ms] [LOG] [Fast Refresh] done in 83ms @ webpack-internal:///(app-pages-browser)/./node_modules/next/dist/client/dev/report-hmr-latency.js:13
[  304736ms] [LOG] [Fast Refresh] rebuilding @ webpack-internal:///(app-pages-browser)/./node_modules/next/dist/client/dev/hot-reloader/app/hot-reloader-app.js:196
[  304803ms] [LOG] [Fast Refresh] done in 68ms @ webpack-internal:///(app-pages-browser)/./node_modules/next/dist/client/dev/report-hmr-latency.js:13
[  305096ms] [LOG] [Fast Refresh] rebuilding @ webpack-internal:///(app-pages-browser)/./node_modules/next/dist/client/dev/hot-reloader/app/hot-reloader-app.js:196
[  305164ms] [LOG] [Fast Refresh] done in 68ms @ webpack-internal:///(app-pages-browser)/./node_modules/next/dist/client/dev/report-hmr-latency.js:13
[  305521ms] [LOG] [Fast Refresh] rebuilding @ webpack-internal:///(app-pages-browser)/./node_modules/next/dist/client/dev/hot-reloader/app/hot-reloader-app.js:196
[  305594ms] [LOG] [Fast Refresh] done in 74ms @ webpack-internal:///(app-pages-browser)/./node_modules/next/dist/client/dev/report-hmr-latency.js:13
[  305883ms] [LOG] [Fast Refresh] rebuilding @ webpack-internal:///(app-pages-browser)/./node_modules/next/dist/client/dev/hot-reloader/app/hot-reloader-app.js:196
[  305994ms] [LOG] [Fast Refresh] done in 110ms @ webpack-internal:///(app-pages-browser)/./node_modules/next/dist/client/dev/report-hmr-latency.js:13
[  306349ms] [LOG] [Fast Refresh] rebuilding @ webpack-internal:///(app-pages-browser)/./node_modules/next/dist/client/dev/hot-reloader/app/hot-reloader-app.js:196
[  306380ms] [LOG] [Fast Refresh] done in 32ms @ webpack-internal:///(app-pages-browser)/./node_modules/next/dist/client/dev/report-hmr-latency.js:13
[  306672ms] [LOG] [Fast Refresh] rebuilding @ webpack-internal:///(app-pages-browser)/./node_modules/next/dist/client/dev/hot-reloader/app/hot-reloader-app.js:196
[  306702ms] [LOG] [Fast Refresh] done in 31ms @ webpack-internal:///(app-pages-browser)/./node_modules/next/dist/client/dev/report-hmr-latency.js:13
[  307106ms] [LOG] [Fast Refresh] rebuilding @ webpack-internal:///(app-pages-browser)/./node_modules/next/dist/client/dev/hot-reloader/app/hot-reloader-app.js:196
[  307155ms] [LOG] [Fast Refresh] done in 48ms @ webpack-internal:///(app-pages-browser)/./node_modules/next/dist/client/dev/report-hmr-latency.js:13
